id,predicted_price
2591820310,378729.2
7974200820,882629.44
7701450110,1163192.1
9522300010,1689173.5
9510861140,757865.44
1761300310,233664.3
7732410120,792676.56
7010701383,631150.56
291310170,427576.94
4232901990,588910.7
6840701125,670906.06
3971700580,417022.84
4202400078,232680.1
6064800090,400776.38
2626119028,205014.16
3303980660,1046877.2
862000020,921719.9
2386000070,955826.9
1138000450,373855.1
1775800420,476552.25
2291401425,373951.97
2025770560,800907.2
3525069037,689918.56
9324800450,586160.2
8080400136,521001.03
8651540040,508835.06
9407001790,251265.66
1773101530,215656.45
9432900250,346229.25
1794500695,716783.1
2220069003,371085.6
923000120,561470.9
5728000060,554208.94
16000200,235496.73
1926059094,453007.3
6672900220,1063815.0
3629860060,809580.4
1822069109,392435.25
6675500105,363481.84
249000180,1911050.4
226059065,531414.44
396100110,275704.94
9264450460,344844.8
7853361210,376661.78
9474700020,275609.47
421000455,254351.84
3755200220,414710.1
7960100075,511993.03
9477100490,411366.16
9138100350,850929.7
1624049275,481066.72
2770606890,522079.56
1157200189,360897.3
2770601800,507361.6
9301300805,561596.3
2325069032,1205847.2
1021079099,364339.06
7215730040,743008.2
1853200080,491923.47
3224600340,687234.44
3222049120,404769.3
2113700025,292400.12
7893207925,213041.6
3586501085,592129.25
8024200010,394752.44
7116500705,162285.9
1598600209,332175.0
7204200025,1100085.9
4206901505,601127.75
2937300440,897445.25
7205000180,353822.1
8718500665,358330.4
5318101765,964160.25
4122700020,969594.75
8078700020,545604.25
3303980680,924721.3
8924100372,1165655.5
2781270210,191504.53
519000043,554047.9
3225069301,1571535.2
151000075,819090.94
2297400020,440702.78
6617500085,580010.06
104510180,231652.83
3528900060,979430.8
3345100286,476100.9
1226039130,422671.84
8712100720,874377.6
3037200010,448437.94
3626039268,439426.9
104510230,242733.61
5112800060,424655.9
6072400280,648391.6
5317100570,1216787.1
9528102993,577665.06
2919201095,520065.0
6181400920,277720.3
185000161,244062.52
8691400010,809371.7
3345700165,515382.2
6151800486,259804.42
4340000080,1349268.4
4136960010,587451.5
3634100030,343531.1
1624059224,1004340.7
2788400090,262269.6
9828200762,384834.4
7524400250,559857.0
3528000290,760775.7
5700003630,2064666.2
2720069019,330902.38
7227501170,241518.19
2397101270,651834.94
6792100090,728746.2
2770602265,500446.8
3971700937,256313.7
422049203,216929.9
3076500830,268742.72
1423400260,291480.12
9161100795,463614.97
3126049052,549024.4
5100401468,380877.28
514500235,473561.2
1423200170,187629.28
1402100070,389954.4
624110020,679796.6
2407000145,214761.62
1890000225,813840.7
1320069271,320289.6
5490700085,338559.97
263000155,482949.1
3726800201,471945.12
5153200358,269131.2
2725079018,755521.8
7165700200,245487.22
9429000170,584866.0
8718500075,369256.03
1760650950,309337.9
1068000559,1188230.4
4113800500,569225.7
4077800507,499323.9
2725069150,722342.3
4008400035,635120.7
7016310270,437335.88
1432701230,213794.34
3278606050,422609.56
2473350710,363968.16
2185000685,192155.9
7792000025,333614.84
6868200029,446154.25
624069003,769993.56
7431500280,910096.25
3296000040,558457.25
1118001215,1655185.4
6453900040,690698.56
333100209,675985.56
34001765,634115.94
8946700100,388456.7
5561401210,592718.8
6671900095,359456.25
3275850020,732729.5
3876300600,388595.22
1450900020,262283.0
8562780280,323105.97
7663700973,303410.66
2126049032,366423.8
1823059159,216771.92
3438503426,317048.66
9297301495,493749.03
7140700850,373367.78
7942601805,721908.0
2555900030,365120.88
2887970040,276403.5
7419700010,617427.25
2239000011,367900.6
9283800050,379671.97
9407001340,288145.25
217500140,503453.22
7212660520,254005.8
3298201170,364622.66
3057000400,285462.94
6865200444,465537.97
6071600340,516880.22
6821600005,738801.5
1235100371,772530.44
7796450340,356374.88
3603000410,160754.28
9297300255,494287.7
9126100850,593092.75
2770601462,503532.28
2599001500,219717.94
1102000095,643758.75
1853080640,914143.94
9551201585,949416.0
3438500796,353185.38
7518504291,508241.97
9269200340,443947.8
715010130,1719011.0
1982201485,608150.5
9526500080,382188.1
9277200180,484684.6
6669150280,312284.97
8917100153,575700.1
3760500516,872649.44
2725069050,910663.06
3332000091,334480.7
8562770080,588272.6
8151601190,249856.95
8563040160,584656.6
240000269,671020.8
4307350200,348340.0
1311910300,265410.66
3574900030,547586.44
7853230570,428310.28
320069049,352775.94
9839301060,702344.75
7011201333,636695.6
2781320100,278466.1
3421069120,429780.78
7852030320,454769.72
5316101075,2503102.5
5309100750,537379.9
629000730,735499.06
511700170,304300.12
1562100030,539528.3
2489200230,593514.5
524069116,495621.16
5315100737,946295.6
1868900675,810475.0
1608000120,345101.06
705700240,343257.78
7575600610,266754.53
1778500015,726365.4
5423500240,189853.23
6713700025,335085.9
2734100734,408965.94
301402280,201968.1
2113700205,285724.3
4114601570,3480826.0
3332000615,301887.4
3630050180,353788.84
6852700520,563118.2
6870310010,619442.5
6163900981,279462.22
393000142,373734.7
1771100130,344357.2
1442860160,389215.88
9191200435,562488.94
6788200800,1045696.8
1115300070,653016.2
3176600105,707699.25
2770604665,601001.94
5469500580,407054.47
5680000545,470311.7
3424089119,546435.7
1328300180,322613.0
1773100922,346820.47
4123830480,325391.53
9808610190,854594.25
4250200140,266833.78
4217402115,3561337.0
3831250350,390081.7
2397101055,846187.06
6817850110,860902.2
7526800200,595722.8
7853370100,652787.0
2523089025,964210.1
9476200680,284012.4
5714200140,423412.78
3575304895,522654.66
263000018,434620.62
8080400177,458372.56
6450304130,315434.5
514500090,593242.2
9477000300,433717.12
853600310,1271939.8
1951600240,208346.47
1099900120,313308.66
5323100120,551850.1
1223089016,426178.8
522059172,251539.25
1930300190,677817.06
9542840410,299841.1
8665050530,500013.25
5592900205,404499.56
5450300010,670364.2
2459960030,320511.34
3331500455,511182.22
3432500705,414537.8
3702900165,327752.16
5249803550,535683.4
626049058,449828.7
1788900380,178240.64
8075400360,229866.67
9113200250,735148.9
2738640040,670999.56
7821200307,510886.94
3530440140,266190.56
3582700130,467988.3
9276200569,764388.94
7197800020,621667.44
686200490,537747.56
3501600100,390127.47
6383000690,594068.6
7604400150,377338.12
5249801411,630965.3
2607720420,433815.25
9561100010,372182.97
1796370590,253754.4
4077800593,370782.44
854000165,235852.97
5536100010,940478.0
4188000670,817927.75
31000165,1439404.4
662350050,929341.7
4137000280,287148.53
6169901130,1161964.6
1953400510,244524.05
7518506716,1039194.1
1552520010,371200.53
7955080270,322259.4
9212900100,548221.7
3438500798,319034.97
7899800890,219178.25
4319200605,501408.34
1329300480,358108.84
8935100100,592619.25
5016001260,529666.75
4337600280,355030.5
1446401220,190608.72
7135521530,557384.3
6888900115,294401.38
2413301070,296398.78
345700040,270198.97
5566100145,422061.7
7634800070,394720.38
9346910500,698828.0
3529300060,320925.75
8128600060,970685.75
8572900275,195954.62
4139420590,1370232.2
9274200322,600891.0
1472700200,566654.3
8820903380,550179.94
8563010130,922130.25
8965450110,839242.9
9274204230,490386.16
8165501700,371396.28
2193340260,524488.25
1860600290,994296.7
1222000055,224372.44
2492200280,443380.06
2488200455,385556.53
809001520,1283693.2
1796361140,239947.55
6398000011,750639.6
6813600365,563869.9
7504100920,783614.75
8835770330,807652.0
524059322,998595.9
4307330280,396095.94
1245002952,1083050.6
2021069059,234163.14
5700000595,631364.44
3629970930,730701.9
3336002215,288042.56
5100401060,655434.8
3278600750,331158.97
1126069045,998394.94
7568700175,309368.03
452001475,503114.72
9283800230,503489.12
1737300130,549196.44
6189600040,510282.25
3679400025,494300.62
1096100010,298366.72
9513900050,243873.36
5452800645,762794.06
273800100,225285.34
7228500037,487700.72
808300090,443959.8
2493200215,556179.75
5035300255,775741.75
3380900160,445400.75
3630000130,404545.84
7300400670,283317.25
6798100070,380410.28
8078400010,544945.3
5566100060,483508.94
2768200212,512123.25
4035900060,584209.2
9460000110,295072.94
7199320190,520191.3
2225039081,462981.7
9512200050,604123.2
2634500085,295691.62
3654800200,282598.25
2724079090,1292149.8
2597520720,785168.56
3034200426,400132.34
984000130,295647.9
7852020670,447225.62
7923500060,684491.75
2310030510,317162.3
2205500540,481134.38
2493200015,415822.84
7853361420,566820.06
5652600605,559482.9
5285200020,324559.47
9406530150,352884.5
5706300020,451968.03
3278602490,398169.75
7197000100,561608.44
4447300008,541229.5
7899800045,231895.08
9250900095,321908.94
9268851740,593628.94
8682261440,488396.1
7284900385,984949.94
8079040300,446391.1
2225300585,393075.4
3223039013,444353.78
2013801350,247427.28
4055701110,820533.1
3578401770,429388.72
4046500720,526745.06
6145601745,399757.22
5207200195,752252.5
1972201856,569299.8
7212680080,242709.92
7277100510,610439.75
522079022,571983.6
5605000440,843731.0
6632300230,364127.03
8815400165,656132.25
6708200320,490838.47
2426059076,614286.3
3260200200,561611.9
2770601741,458480.94
4338800500,273707.8
9201000320,862687.2
7655900038,364550.56
3625059140,586600.8
4222310010,227705.88
2114700115,342160.12
3291800710,342739.88
9406590010,417218.12
3025059124,2709124.5
7972601250,388164.5
930000470,1043348.75
6690500060,473200.75
16000015,201545.48
5693501102,564204.6
8079040490,448808.2
7225000155,285365.34
8819900170,766404.6
7972601270,319390.1
1224069074,817215.7
5126900321,310920.88
3438501860,305534.6
2822069080,411220.84
1656600310,566402.44
3856900507,1126408.6
1626069139,458345.2
2524049257,1346355.8
3904960150,549910.06
7214820610,454058.1
7977201845,612710.75
2428100080,847381.8
2202500135,385149.44
1523550220,681004.1
2313900610,491968.03
4123840050,371246.8
2125059124,1263311.2
1225039067,481175.34
6431500283,468257.5
2473380010,286060.62
5694501195,473909.06
2881700046,354213.44
6837820330,341464.97
2337300370,199332.83
3876540630,219963.69
626059317,340573.12
3374500520,335677.28
7228501903,308883.16
4019300051,505137.22
4232902615,892381.3
3546000090,249387.94
8127700215,783747.9
3438501100,433948.4
1769600066,718098.8
8146100610,674998.94
3052700695,542860.1
7954310210,599797.06
3761700053,2446467.2
1320069179,375853.53
1331900410,760490.1
7303100210,344056.47
2464400285,492346.34
6163901150,362467.22
8955800045,376084.16
2314300200,389818.72
9528104360,374282.0
4177100005,592153.9
8856960260,315597.1
1828001220,604524.2
3066400710,720813.56
624110610,882535.1
4040800260,415538.56
5019500215,506183.16
2481630180,1121594.6
7203170190,697616.56
510001280,924399.1
9430110120,789514.4
1565950030,349124.44
9828202255,803414.94
3878900270,474502.7
8091600080,203182.06
1112000035,331495.34
2228900270,274265.2
6648701740,293430.2
1245003740,666323.0
2174503441,595289.06
7708250010,318024.1
6072300110,610068.2
2329800140,256870.3
1494300040,519809.4
3832050130,267475.6
7203100730,862177.1
7199330170,486921.38
7785000220,664701.9
1250201175,386385.03
4054500180,1013612.94
7905200061,438097.28
3751604895,191275.73
5220300140,299925.47
3323059027,321825.5
8651611980,901301.44
8673400190,535177.25
1668500100,794993.8
1023059365,550217.9
3308030060,327153.75
4232400860,959483.7
2144800615,232558.36
1568100920,1898528.4
9406510040,496408.0
2923049421,323047.84
1051000040,1673432.0
2077700042,702089.5
9423800030,250500.23
9818700455,685599.44
7133300675,396722.66
4113800550,557551.44
5553300375,1725341.6
2025701530,283036.97
7942601155,444965.06
7524300020,275738.8
2520069100,291057.88
5412300410,227631.64
7504110760,713799.9
2594200350,484893.44
2722059013,258567.88
8078430480,523887.78
1423069162,579806.0
8856001090,144862.45
7000100631,798016.9
4222200280,217812.4
7971300050,585973.0
2009001600,264199.78
6619910140,636701.44
2877100985,515171.28
1196000007,343864.44
1330850130,786051.06
6664900410,256270.72
1231001110,292217.9
9235900030,275775.6
9407101840,323353.4
9523103001,406632.4
2149800278,419031.53
7234601198,617379.3
9476700035,423895.16
9297301065,620182.6
518500700,750690.25
7843500090,318532.53
6056110780,293585.7
2345700260,347301.38
3509600070,237679.6
1431700280,344437.66
1623049174,269764.12
3024089049,389574.22
7853340450,409966.72
7732410360,770272.5
1446800995,307211.16
2946000285,245141.22
425079100,440003.0
3876313040,464443.5
1762600260,978311.9
1925069121,1024961.4
7443000480,950266.94
7820000015,364340.6
4027701253,519043.1
2826049165,364129.97
5426300060,1047032.6
1278000210,174481.61
923000270,377332.1
7657600005,246324.0
3024079057,384091.06
3276180020,344375.2
7304300760,286598.66
3908100020,553420.1
8835400805,563001.25
4051150070,202405.69
3904930530,477822.78
6163900971,374640.7
7942600310,431354.0
4365700330,296120.4
423059207,295577.03
3992700265,359397.9
7177300090,478896.34
2540820010,728056.56
5700002510,1030587.3
5201000030,605710.56
7631800015,2715443.8
2922702965,671153.6
1525059198,935295.2
1245003160,787205.06
3810000455,297406.38
7855600080,648008.2
5701500030,1098244.9
7504020400,621231.8
1402600570,309247.5
7575610760,293300.97
8731990370,395471.47
5021900090,939149.4
290000075,405968.9
2841500010,423957.8
3955900830,505730.38
7852110140,521466.3
1311400350,257187.84
7773800015,526041.2
4123400320,506351.47
2725069157,866085.6
666000143,854206.1
5101408678,501241.88
6371000026,359362.78
2024059084,851628.25
7283900036,305088.9
8881900230,762105.75
3959400135,376827.94
7696610270,223525.86
1689400150,794812.9
5103900015,422380.72
1441000350,427960.06
5101408735,349130.4
3126059027,2026240.5
2320069014,531719.9
9541600015,652182.0
8682320420,748030.9
1562200090,616919.25
3395070980,525847.44
7349600230,232046.67
522049122,266496.1
869700060,286990.06
811000055,1284101.8
1221059176,496816.06
1523059103,485323.62
2025760210,691546.56
9218400088,347964.56
8682292020,459505.12
2623089135,445560.84
3758900259,1350767.1
524069049,600529.44
3121500150,857569.7
5581400080,776933.06
8087800020,474480.5
4070700290,763202.8
3296000170,616867.6
9238500040,517514.2
2744600040,355340.44
6813600380,645541.5
6140100150,461893.94
2201500555,420469.28
2600110250,687360.3
4337000275,224765.22
1186000150,561178.2
1972201963,494392.66
1105000745,385775.72
2887700560,619313.8
4039700080,666133.56
522049104,267693.66
4202400078,257575.31
7520000695,181915.4
7714000310,382307.2
4319200060,657693.94
8624700015,544760.94
5104520610,296336.62
2354300845,341422.56
3824100291,463899.97
6151800612,286475.53
5454200080,906232.1
6413600290,338944.8
2131200065,291499.06
1459920010,286435.53
50300090,387294.47
2326300090,683824.6
7714000070,383095.7
3630180500,912108.5
1727850340,1097417.2
8691430330,1018949.56
2310030390,295915.75
5561400610,523037.06
7010701016,489845.28
7883605915,349228.03
1282300995,372359.56
4040700310,496435.78
3353400435,238890.31
2143701015,456877.62
255450020,392114.62
1020069017,399223.94
4038200120,495280.3
9284801100,319314.4
1965200075,690583.1
847100047,557514.94
4038700720,554669.75
6815100085,888024.8
2508000020,301148.44
255520180,610373.5
6822100750,649215.4
869700050,319087.47
1775801405,613030.1
6600400090,207529.89
7202330270,451503.62
1683400165,860981.5
2625069070,1180513.2
7625702440,435837.84
3388000640,247305.22
1899400365,334399.1
6899990200,827374.7
5569700020,874443.75
986000045,281768.75
3293700221,284681.72
3764800250,363067.25
2291400566,362315.6
4219401236,1349824.1
4239400840,151435.52
7211400990,230945.38
7696500280,189960.66
7215721070,517988.34
3204850140,362423.0
4322200220,683171.5
2566300100,1230727.0
1944900090,427788.06
6648500390,295451.25
7385300020,698790.3
1704900135,351359.0
2877100655,788955.1
2726079098,614883.25
7625703800,503941.8
318300040,523754.34
7922800190,553922.1
2023049361,212735.48
8946400210,507107.22
6071600450,548171.7
4343800100,373224.2
1443300140,320027.97
1024039001,781188.25
2767704860,602573.8
7234600851,621626.94
644200065,907270.4
7784400035,753320.7
3826000560,213626.33
9272202260,285474.5
263000253,507335.7
3621059043,609396.25
240000130,458452.28
1352300120,197112.55
7849200861,282229.12
2487700130,557733.8
1796100140,273865.5
7234601221,520389.06
8651710190,453624.75
2916200091,593660.7
1232000915,528817.44
1545801970,280202.88
3211200420,352905.2
7686204675,189116.88
3141600210,188354.72
3959401284,461503.2
2113700825,256670.75
3876000710,376313.44
522069022,527600.6
3214200070,377147.6
1221039156,303667.16
259600790,438870.16
785000040,492882.94
8138870470,514751.47
2596300035,327364.16
540100057,1673333.8
3073500045,523826.9
5363200266,386699.3
8682261650,503258.53
3224510080,830018.56
3211270160,399163.44
9269200520,226397.03
293810190,474042.97
4197400043,356441.25
3026079031,318038.44
5332200405,997641.6
2473411210,285545.88
9268200315,548611.9
8123500050,631238.7
3221069091,475227.44
2485000165,643802.1
4058800215,669447.75
1926059039,831454.25
2533300680,990744.75
3343903640,388192.5
5700003705,1307803.6
2023049372,469060.8
4058800830,540219.1
3333002302,440125.34
2944500340,303303.25
1982200790,525438.1
8929000270,503922.25
8122101440,307272.56
7525530470,751011.6
9332800020,673955.25
3878900525,248674.12
5420300210,229182.62
9232900165,339735.12
6414100026,412862.97
3013300660,774645.8
7954300120,541142.5
1081200360,349095.2
2877102345,478363.88
2202500255,524672.2
7984400050,206365.45
9558020380,436798.4
7812801850,194244.84
8944460020,389882.53
2306400040,595974.94
8649400410,339864.25
7889602020,256884.53
2041000025,520805.22
871001484,598473.75
2767602141,503373.53
3630180470,824653.1
2769602140,440963.94
2473250280,291804.47
5422560660,537611.5
3756600240,388153.1
8651600160,877507.1
7202300540,870011.9
8961950250,432444.1
3303000130,450919.2
798000062,281396.72
1695900150,785609.9
1604730150,541801.6
4136930310,367099.9
8835401250,1350726.2
8665900328,504208.88
9262800255,290735.88
1853080570,821359.56
5556300114,769381.0
9517200290,478239.75
4037200295,484277.9
7417100123,405355.6
2620069077,212297.45
7922720040,664892.56
558100090,591286.25
257000037,276407.06
3319500385,485057.97
9297301520,354529.84
3580900090,371493.97
1321039076,168798.02
7227801581,310737.2
9407001620,311304.22
2130400150,299437.88
2312400200,240136.61
4046700210,373667.16
1193000480,948260.75
1492800296,521076.62
3013300017,481675.4
3630240140,570761.3
1049010390,349294.66
9320900420,167762.02
4315700060,415328.34
2591010290,299636.5
323089085,659137.44
6600400270,204432.47
2919701105,462749.56
7202360670,942794.2
8927600100,804825.9
3211700045,601410.44
4027701326,461106.66
1601600195,312688.4
7853280350,689883.0
3629970130,723973.25
7203120020,779708.56
9542900190,341098.06
8035350120,469574.16
1238501184,991356.56
251200240,477307.78
8945300200,187812.17
2162000160,1166820.4
5466310060,168441.97
1239400064,926817.94
5205000020,340594.22
1720800305,554824.0
7280300375,587856.3
2095800400,448794.28
7852010950,516569.88
1428001160,542388.4
9528104910,746641.5
8644210470,880838.7
7923300310,510836.56
254000100,586075.94
1931300688,519004.62
7007700030,439250.2
422049178,217809.77
422069067,504005.72
2923049393,357992.2
930000305,480330.4
2461900448,516518.0
2610100020,305888.97
2895550050,259090.45
7701700040,278402.16
2460900020,469802.78
9827700105,560397.56
1005000240,273598.75
7200001254,510137.7
866400040,555280.8
305000170,674695.8
2260800110,879078.8
3442000127,788854.2
5253300437,477526.47
7576700150,997550.94
5469501410,429027.84
5104531120,798771.56
723049434,371156.4
622069006,1512650.0
2517101200,299982.2
8159620160,258916.88
5561300640,490044.78
3317010130,214804.7
4364200250,371555.94
8732300060,829250.94
5603700025,711437.1
3585900190,1014581.25
3996900575,248363.38
8731801260,231784.2
3810000860,346709.03
5700003585,2121388.2
6332000050,440619.2
9286100250,458797.06
9471201110,1043218.25
9290800050,595326.44
7300200400,639939.56
526069024,877318.6
1454600156,1001919.3
3904980360,503544.75
2626119062,301112.38
8651730290,445275.3
7611200195,799040.94
1919800260,635727.1
6632900354,262112.78
3972900195,304677.8
5151600170,308552.12
7016000440,461541.72
871000435,775866.56
9578060540,483874.66
2332700060,811444.9
766000240,248708.02
4363700200,317691.25
7100000250,343847.1
2781250560,202094.92
2781250100,365190.4
5419800220,254615.5
7147600245,234425.8
2926069083,858204.5
6189200125,859516.9
9542830160,286612.47
5152200020,292820.25
9412900045,490744.66
6600410480,161929.7
6979970080,595817.1
5636010280,298702.0
1732801300,941412.1
5561401530,532376.8
9578500510,369210.84
7304300906,313168.38
1223089077,594819.75
721049207,268481.34
8691330310,858335.0
1523069204,482931.7
3188100105,641084.6
6608500290,406926.44
2891400410,367516.8
7663700551,367034.22
5413200140,237561.42
425069139,564738.1
6713700155,351309.06
2767603505,497342.03
7789000080,261723.66
9211500620,263410.53
3750604417,181975.9
7922800320,557008.5
1471620240,376235.78
2222059052,354939.84
9551200270,1002125.0
2767603160,559233.06
9406710060,378271.3
8929000250,418630.34
5538300120,410137.0
2223069120,480669.25
1652500060,1558321.6
8564500240,412545.75
3629700120,599078.25
3943600070,401688.72
4171200025,301550.6
2425049063,4024518.5
9828701650,404234.28
3581000340,361174.16
8100900015,389222.44
2125059161,1184526.8
304000380,208065.12
8146200070,1683187.0
686530170,563537.75
2917200645,470706.72
9547200530,728210.4
2122059199,319219.94
1150000740,629351.8
5706200060,342190.88
9265410010,225975.6
4083800555,529718.2
6152900332,358312.84
2520900301,202832.52
9828200790,473961.38
1657530180,308016.94
7471900045,273250.5
9828200460,439783.03
1775900140,448823.6
6139800430,435834.84
7214400005,525457.1
5332200026,549874.4
9510970300,805582.8
2540830020,468733.56
3392100140,194801.83
1326069191,355338.03
2125059112,1099596.9
859000022,311592.03
8854100350,725269.9
121059007,228187.94
7977201707,526834.4
3859900060,2914622.2
8815400735,763543.7
705700530,342991.44
6600780130,362705.8
6378500105,392786.75
8143000310,475865.84
2877102330,675465.56
3526039074,611095.6
2115510300,267665.47
3024059014,2050266.4
2141330360,614556.8
546000400,527357.6
2071500011,412491.9
7972000240,217075.14
7016200460,452141.6
6204200180,446940.78
1552100135,1133084.8
88000173,418354.12
2581900235,732842.8
9211500560,234862.8
621069218,407356.53
1321970240,291744.2
798000630,339146.88
421000285,287711.12
2824600180,816300.44
3832051140,307151.47
1237500105,719608.8
8802400906,273151.84
3166900270,424963.1
3682000060,408297.7
5469700020,289084.8
1245001820,673313.1
9547205660,636398.44
7974700122,676706.94
7550801225,554358.7
1099950050,682907.9
1402900460,340452.28
7636800041,1788463.6
2115720270,282410.88
8651441750,186995.8
3904100035,227630.92
8815400020,610801.9
3303860590,467560.0
5427110040,1294706.0
1782000160,351690.56
6204420290,509455.3
3995700245,283630.22
7955040130,454769.7
1442880650,507332.1
8833510230,926114.5
7283900551,458198.34
4396000180,278242.0
7504021310,678404.94
322059264,291556.75
3654800040,305651.44
2767704777,487595.44
3278602190,349397.4
3236500220,500727.62
3410600100,316619.72
629410180,725811.25
3352402250,126612.87
4363700304,352993.6
7237550130,1287082.4
9808590210,1283915.1
8074200175,269647.72
3463400330,455623.6
6306400140,952436.06
8564950250,541765.75
5381000070,207830.34
9826700697,513839.34
8132700190,451602.16
7943000020,187325.08
9547204675,532802.8
4112100101,453230.9
727500030,713075.94
114101426,362008.12
9274202005,737641.56
1193000380,907454.6
3039000020,500792.53
7852170130,673411.2
2624079010,701126.06
4137010540,316557.47
7576200012,871601.3
1138020020,361041.06
3969300030,187281.84
898000200,217279.03
5153100030,288403.2
5104532030,510129.8
4406000050,229246.08
9274203390,560282.25
8682290360,502365.25
6928600330,245842.75
4139680070,867171.06
6844702690,497593.3
2154970020,2171088.5
4385701285,1228217.2
2426059071,646072.8
2867300160,528297.8
9512500720,565183.9
1773101020,303082.47
8687800100,263096.6
3627800050,1639633.2
1604600227,299111.78
3300701170,391020.28
9250900111,472339.2
7015200790,663406.56
1311100490,229537.8
2469000010,987733.0
1982201596,564875.56
1862700290,388887.12
2586800270,272670.94
9528102772,471613.47
5490210200,428685.06
6669080020,418697.6
179003055,236736.47
1860600535,994296.44
1592000130,598818.56
3905040170,549476.2
9320500080,246832.81
9276200850,498549.66
224069114,671916.3
2260000340,549306.8
5096300130,383726.7
3432500215,363046.34
2600000050,697109.0
8856003839,220900.66
2492200435,376616.25
7855900110,1141447.4
6806100250,304706.72
2770603523,526235.06
1370800515,1836769.4
2726049150,453406.4
1226059161,590333.94
1068000375,3683902.0
9528104109,447485.12
5126310060,520799.3
1951820070,555320.06
1545805980,392389.72
9464700340,894094.5
4319200675,789922.56
7518500885,549158.75
7852020620,484618.12
869700370,369399.72
8643000190,270176.9
8902000267,626338.9
7972602435,270976.8
2050100210,924755.06
6705120540,499102.75
2767601390,646663.9
4141000490,1262273.0
9345400350,704597.7
3222079162,357760.06
7789000120,262976.78
6646200770,744998.8
6666800180,830965.9
1725800280,483804.66
6117500460,1169612.4
5470100220,230341.4
5457300478,490030.97
7550800195,568601.2
7787050180,590762.6
6204430250,497868.3
7640400250,517122.75
624110920,760762.44
3629920140,412193.28
7173700518,680587.56
3210200395,218202.9
2473480560,393660.53
2623089141,501555.12
1423800080,212009.45
2076400050,308564.2
3832060120,300936.25
7702600930,426332.97
5101404555,401474.78
3723800415,399705.78
3356403400,222782.6
9214400125,510103.5
1797500530,579616.75
9551201660,1086429.5
3878900815,383685.56
1760650280,319710.53
5466410030,253177.56
6388930620,564824.6
2331300395,837731.25
9412700160,280353.1
871001611,642573.0
3142600120,571670.2
3995700220,361666.8
2310000280,287813.44
8039900400,393186.22
7504021510,656334.4
1959700445,1551940.1
1556200155,633523.0
3629960590,410651.4
259000240,466214.25
662440020,415395.84
3123049142,554430.25
321100260,912062.06
6840701095,612787.7
3738900165,420861.62
4427100130,423401.3
9238500100,517666.66
6145601810,338353.53
2570300090,366444.62
4017600010,515243.0
1005000220,461597.62
1257202120,516602.97
9527000490,480461.3
8691400080,684579.25
1726069084,425989.12
248000240,200232.25
6113400046,397211.22
2130702350,362917.6
920069052,257065.53
6071300160,518603.97
1623049041,131884.75
9268200285,363754.25
1843100520,356459.72
2887700826,625469.1
9122000385,531069.3
9475700220,389491.4
2804600005,782452.3
2896400300,410077.03
5015000180,722247.94
3630220180,801050.0
8832900780,528322.56
1568100300,424681.53
8718500610,392800.97
4147200140,1081828.4
1973700030,1073746.8
8862000075,184365.7
9320990110,309407.25
1151100035,410127.9
2011000010,214727.08
1651500060,983538.94
446000190,842140.94
2344300220,937575.2
523049195,207011.08
9191200015,618226.0
7942601410,772545.3
7137800300,214385.75
7853300280,551542.6
6654700240,334641.66
569000050,595459.44
3584000180,233356.45
2026079055,319586.7
8898700880,285078.97
5075400150,625249.94
8731981360,379822.16
4222500020,217781.66
7996720050,523932.4
4077800094,634439.9
6446200365,681092.56
2824089053,536537.75
1311800220,222530.69
3522049063,574009.8
1721801280,234348.89
6131600240,181944.17
7202310040,673104.5
1123059125,587018.3
646910160,207264.81
5630500005,363147.44
3342100785,269944.22
9547205610,639277.0
1773100123,250715.69
3353400092,308242.9
217500015,384945.56
3649100031,472082.03
7896300150,315846.7
623049185,242016.92
1773100430,328263.53
1781500220,755153.8
3395380200,202985.2
2424059170,3330460.2
4389200765,1789188.6
1543000060,477904.2
6154900005,630183.0
2902200240,510571.06
1442880640,515741.38
8562770490,565413.25
2768300655,595898.8
3432501315,291880.75
5035300570,726936.9
3626039028,542495.2
3876540780,231829.92
327000100,1074915.5
7551300065,475892.56
1312920060,237975.94
2215901230,292587.3
6306800010,437988.7
2767700022,510033.12
5589900610,585348.4
4320200020,707974.94
5249804655,596888.44
9238500480,524461.2
3885806565,1253032.9
7905200205,477151.8
5727500102,356327.03
3585220070,395187.22
2078500210,502641.78
1839920050,400936.8
534000080,333496.16
856000255,598459.8
4141010110,1580976.4
9558040820,681685.25
7768700315,1308618.0
2796100640,295149.5
1922059010,208474.27
3448000542,250700.86
3883100220,276944.84
7237301210,260006.34
3893100456,943364.6
9578501110,361804.72
6145601995,411934.88
4024100120,288990.03
8899000050,338656.06
3396820010,597347.2
6749700117,388930.9
1954400060,490147.97
3303970100,799266.3
2540850070,493902.7
3797000745,519977.7
7883603700,265825.47
3438501452,387213.62
3530210260,653851.75
3598600049,163938.0
731500170,373604.6
7129304375,174585.36
263000006,435950.88
7212660560,314631.1
1112700010,418032.38
3420069060,775917.7
2473000470,404019.7
8691390980,717997.56
6184700100,455489.78
4476400275,363451.6
2968801240,316186.03
1529300160,427081.53
7640400070,665721.56
7016100380,459106.84
2172000890,402161.97
4035900015,702406.2
9528104660,984778.06
507100005,374658.56
2783100160,391095.72
3629921140,816270.06
1099750610,253780.61
1330300451,1150883.6
2757000030,810771.56
2114700190,304018.2
2050000020,954582.3
3832500790,291194.12
2612000390,317112.8
1483300430,544497.06
8899200720,296442.7
9183700470,309750.75
3530490031,208647.34
7857001225,371609.62
7920100083,419779.47
2254501620,485619.88
3303000130,423776.97
3876200070,423117.12
369000365,443667.2
3052700385,752088.3
7856550240,753136.3
7300410110,377998.22
7201800300,392144.53
1695900060,512670.5
9429500146,899285.6
3629910240,670418.44
8805400090,248666.66
1022069050,259421.89
1138010530,404438.4
7877400266,182600.11
7974200452,1009785.75
2126049265,434673.5
9547204350,693927.75
5560000680,168699.06
3793500550,298781.84
4217401195,1069165.8
1826049408,417602.72
3905100210,466643.28
7695370160,534723.06
3210400060,216035.1
6146600170,137113.4
2767601750,493854.06
1773100926,349321.7
5700002125,470493.97
1951100100,196747.69
1402200340,323133.28
8044200200,390241.56
66000070,324933.0
5083100065,198047.38
4027701284,390786.38
5693501100,555983.7
3600072,568861.8
8078550250,304008.94
1922059046,271903.56
2902200016,654410.3
9183700845,157158.38
3333001997,376645.03
1432400525,258115.3
2824059128,551889.0
6453550090,918045.7
6202600070,1331786.5
7524100280,217676.25
3524039224,846027.3
5739601300,639208.0
2473000410,403236.72
421059018,306542.72
4232901120,688919.56
5559600140,249264.17
3797310150,263048.3
7986400265,855108.56
3025300095,2381302.8
7524950830,545955.1
9407100730,263333.56
3812400854,415243.34
6002400030,363384.28
2212200090,234754.31
7202330610,519505.2
7300400170,319315.66
8965000110,454315.12
3996900125,299092.78
2221000100,285793.25
1524079088,322767.3
1133000036,383394.38
1868901190,647511.75
4037200530,503758.34
2095500120,332224.25
1995200338,809076.3
8820902350,759913.9
7459810210,346561.25
9536600010,602255.8
8085400586,1901298.8
7518503065,372761.3
8682320350,653181.06
3179100790,758811.44
9828702666,454156.22
6713700250,520523.72
2141330700,629952.7
7519001990,401103.84
3223069019,334761.12
7994700030,402665.72
2592300450,301996.97
2792000010,479879.5
173000025,441889.28
7203150330,669505.3
3305100210,921680.9
2581300055,1040184.5
6613000750,1551995.8
7015200685,694766.25
1323089184,459922.06
3793500510,418189.3
2225079030,275572.34
3578400710,417160.7
8100000090,280607.7
2095500040,318574.47
8682281710,699259.44
6163901380,305684.7
6918720080,645931.4
6914700130,516150.7
1205000215,543783.06
3800008,296859.94
6150200180,284001.3
1223089066,844669.1
7768800290,823286.44
9285800330,774227.7
1974300020,533909.3
7628700050,728330.75
9376301800,692562.1
8651430220,179079.78
629810350,793379.6
5016002180,858833.94
9558010230,326753.8
8732000390,229269.23
7899800586,350562.44
5249802460,407145.56
1446300020,566878.5
7785380150,436045.53
1245500950,760938.2
3362400640,685388.8
7578200310,739629.2
4137020910,310622.56
11520640,746851.9
7972601995,243175.47
8122100160,433780.22
9456200450,320003.47
1328320760,339249.44
4025300285,318815.47
2721600125,1062705.6
1123049027,233919.23
3542300060,239027.03
291310340,519754.94
8651720420,472530.34
3298200790,403609.75
4037200585,448830.75
1329000090,1490077.1
9279700013,1044055.4
4151800265,530301.4
7760400210,240818.33
5029450110,234965.88
9492500160,849575.0
3578400270,405106.38
7606200090,302733.34
3682000050,371076.3
1250200415,319262.56
629811600,669313.9
1839500115,345635.75
1176001293,1434053.4
3013300409,418694.53
7853280370,738101.7
3275780030,650011.7
3336001946,283037.25
5456000110,887511.75
2473250400,265504.4
5393601635,523793.25
8820902905,342915.1
1245001659,757177.6
1523069215,462941.72
930000234,553437.56
4083301645,718736.1
4055700778,657299.4
2781230080,462744.72
3629910210,674496.9
7856700060,711058.56
7589700055,473681.2
3888100043,397651.47
6381501636,378767.03
3303951150,377817.0
8638500170,379262.9
5635100050,416871.56
8820901792,840972.44
5456000025,1300567.1
985001275,148446.62
9560500105,715025.7
1421069117,277907.47
4154300296,355944.78
795000620,146509.52
9828702335,570349.8
1250202145,878913.1
1163400070,259355.83
5652600065,679669.5
1042700050,793761.4
8899210320,356539.28
1651800030,1663483.0
2919201365,713452.25
4365200895,388917.78
6841700100,907583.2
7376300060,428840.8
7852090180,512371.7
9222400565,562930.0
9542400075,842702.5
7338000150,173031.47
4322500110,572849.4
7694200070,428285.16
9321010130,269454.03
3204300455,1324355.5
6706000040,313328.34
1565930130,467608.8
3279000420,222381.72
194000575,529475.06
2115510160,254896.3
7522500005,560881.2
3787000140,463141.06
7852110690,616270.9
5469700260,341878.25
8691410730,703296.25
114100763,265369.62
1257202430,875397.9
7000100635,638030.4
1900000195,192154.7
251500330,1816162.4
7701960210,833523.94
4037000065,456976.47
522059299,260069.67
6072300800,687928.4
6821102358,545536.56
5029450200,233888.48
8860310240,567134.75
826000295,378351.62
9417400110,404857.03
3959400345,642034.9
8899000430,319234.3
7527200030,764016.75
8562720410,1262505.4
1432400335,229160.02
6699940320,384776.1
2525059172,713055.5
7548301044,377380.94
2141300420,778768.56
5100401414,433604.3
7346600092,242514.19
6852700478,505422.88
87000213,256780.97
5416500260,289473.94
322059097,292648.8
7229900005,352419.3
7116000350,130496.9
3739500096,360146.6
6744700900,717317.2
1959700550,988486.06
5589300435,367502.22
1775920350,336094.72
3750607974,278041.3
5318100935,932426.9
1442700430,468179.4
9346700030,663003.5
1841500050,337990.5
7278100665,379564.66
8635750980,592593.6
6909700340,678791.56
7011201475,762901.94
9348500220,531347.7
3876313170,452622.03
2195700050,875273.44
3760100200,432468.25
3396800120,556924.75
3750603685,255951.02
9828702310,592738.56
8656300380,382729.6
1438000170,574902.2
2423069164,510329.56
2112700845,279818.5
7635801370,475569.03
8572900135,374771.38
7504010590,755611.94
6821100125,462677.84
4310702775,309957.62
2591010180,399340.8
9828700235,791053.6
9376301180,506333.66
1646502355,1091273.5
1498301672,464955.97
7715600070,349588.0
7283900045,492076.0
522069119,487585.62
5200100125,592375.1
826069184,473998.6
3271300155,725371.1
4444800045,689391.0
8682291050,769577.5
2770605420,514950.9
1556200205,495286.28
269000970,1452238.4
9264900880,271024.06
2323059074,226189.73
1224059053,1413441.6
3755500065,459014.2
2571900430,377052.9
3705000070,266252.47
824069173,608404.44
1735800050,165451.36
3025059089,996544.8
6132600655,919889.4
1068000255,1719286.2
3052700921,661669.94
3024089057,311744.25
7390400026,269773.62
1787600224,440998.53
2923049372,303950.28
7015201015,1048567.5
7701990040,861474.1
1925059194,1236758.8
301401370,336993.4
1931300955,424898.44
2395710070,363100.25
2591820070,421311.38
7883604065,343564.3
808300200,497380.38
1421069159,521162.2
8562780540,316320.7
2787720300,395680.8
2349300069,311454.0
739000035,233151.48
2397101460,655131.06
7625702437,386287.75
5101406441,506754.53
3323500010,1262963.2
225039082,773821.2
8078100260,351898.75
4139480200,1357095.4
7436300160,478216.8
822039004,643267.75
8651442910,244117.05
1370803510,725366.44
3342100569,725203.1
1310430400,488834.0
104540820,221947.66
4305500030,626258.5
993000090,834708.6
8044050040,430453.5
5707500050,848194.9
6306800080,390456.44
9206700190,790059.44
8732040090,325767.94
3037200045,431932.34
438000025,618002.0
239000115,341516.28
8929000230,534386.94
7135520610,1089475.8
5561300340,551250.94
9530100085,767533.9
6613000140,1452746.0
8835210130,322787.75
3782400190,342519.72
379000051,278267.47
3869900150,342225.75
4322200050,447997.72
8961980290,703657.9
2558670110,437882.84
1124000010,434066.75
3869900138,483785.22
7853300720,500861.97
251300110,323662.16
3904100041,302307.5
7701990300,808054.9
8682231190,530005.4
7888200240,230136.48
2025700730,315170.53
3066410800,710850.4
7576200040,748124.0
2526069095,978739.8
2781270530,190220.6
3763300005,468597.78
1523049083,197179.12
923049468,199375.38
3303700221,657548.8
1502400140,231036.27
2880100160,967353.94
4083304535,872488.06
8820902549,507466.1
4139400060,866139.94
1222069094,366756.8
9367200205,570373.56
2734100736,314431.4
3856904580,697209.2
3812400789,380589.88
3303980090,1016972.94
1314300018,317585.6
9522400350,554455.1
7524350080,345507.7
9406520260,318779.12
3278602040,386360.25
7696620100,244510.48
3751600635,237805.22
6365900065,407710.12
8732800100,249272.28
3876540410,257704.56
7349660050,254013.66
1036700220,640805.0
5417600200,310506.66
8732020310,277794.5
6844703240,878007.06
923059206,363424.22
4038700220,602154.94
2597520900,707311.6
7203230040,982125.5
8820903560,314996.38
424069112,719950.8
6056100102,475368.16
1823069155,510362.0
9412400220,2732339.2
6851700381,1103870.5
13001215,343130.88
3630180340,771654.06
6746701090,568309.0
3832050760,271290.97
369000690,448630.66
6071900130,602063.56
7266200085,651173.25
1473120390,439402.66
9523100458,562108.4
4345000510,279814.38
6600220090,442495.4
8079040320,413056.28
1357900060,456913.34
3996900295,295735.16
1442700250,446410.44
5021900175,604507.44
4365700130,324779.4
3876100320,473737.84
2124069103,464362.97
6700400140,267430.72
7852090810,497432.2
1454600038,953797.7
4137000250,326177.6
9826700726,603665.56
6716700325,449771.44
8562750300,603397.25
9315600050,1795993.1
2790410250,659420.2
7732410130,724398.2
1387301730,338241.1
1568100220,346735.47
3975400085,765317.44
339600110,450794.75
7888400500,256979.27
1842390130,690048.9
7595700025,360606.97
2158900140,808904.0
6151800070,386477.1
9294300515,757305.5
1250202660,824610.6
9106000005,1048467.9
5035300085,723994.75
8898700440,272320.7
723049197,201267.67
2019200220,229868.75
2926049408,583327.44
4233600190,1056696.5
9268851860,442578.0
5458800620,672583.56
424069096,466771.53
8150100265,244931.53
2742100085,362201.72
8045600130,395533.84
8039900086,288345.9
4131500190,413116.06
1370802650,710392.2
821049149,251891.92
5104520460,370697.34
5466750140,273479.66
1703900155,311960.9
8658303065,290730.4
3298720030,447248.34
1839900080,318601.66
1561600025,784994.0
6064800410,352532.28
621069102,253390.66
7853360620,406113.7
9385200045,662515.25
7214770020,643267.1
5412300100,238614.53
2025701360,272198.53
7334602070,314190.9
8029200190,207970.73
2622049052,616590.25
3126049261,370588.28
4443800705,443087.2
2473420100,296838.06
7922710520,567150.3
3336001911,282062.16
3797000300,453233.5
5406500480,623059.2
6706600090,437414.53
1518000230,330389.2
1250202990,847308.75
6441800060,801061.2
2141500070,456546.56
9407101900,280980.1
5451300117,1910771.0
326069132,479404.56
7153400100,237349.92
3083000910,479625.8
3021059304,296998.7
2597530650,786229.06
3972900215,296225.2
2473420070,305333.9
6115400008,503173.28
8682220230,755398.56
642150080,617838.1
3775300030,315177.84
5418200340,578786.0
2424059119,1001016.56
7899800476,261088.64
8598200070,259264.92
2421059125,557914.2
9528102771,546443.1
7522500020,566734.7
7202340720,630282.2
3286800260,566914.5
1121059105,483591.06
7504030220,666569.7
4045100190,1512645.8
9406530090,359331.44
7138000260,253525.53
2600010390,696399.1
2917200365,468797.66
2191600780,199618.0
7784000180,453420.7
6149700194,312484.06
8082400136,742214.1
7202340930,671045.5
1972200556,600974.06
2767604170,560421.75
3271301175,585802.7
3223059303,550127.1
7598100735,1098118.1
3348401490,337644.7
1545803390,281108.1
2296700050,502544.75
3626500045,769716.44
1596600060,318930.28
3616600250,1444584.5
8078560140,277650.4
1796360350,246230.55
2770601763,553828.56
3223069118,623194.94
2473372040,340440.28
3575302759,411939.03
5706200170,475100.06
1774000030,524046.2
2224700136,335075.7
1250200418,331057.12
5416500840,360831.72
7335400345,136890.0
3776300010,961801.44
8857320130,549837.94
424069206,775002.56
3592500985,1119386.5
9828701295,375401.9
2621750340,304311.16
7334401000,277655.1
3286800110,597240.75
1722069097,475937.53
3574770030,563174.75
1336300610,1185373.5
7230900100,361539.84
6141100320,384746.7
2767602356,735874.2
476000017,477928.84
2558600100,450185.9
3500100015,302124.28
4074300150,480941.75
8907500070,4212867.0
4388000260,213735.27
2475900850,272592.25
7852010900,528801.25
318500300,691841.75
9200000050,170648.88
1026069106,502054.97
205000120,685830.8
2616800600,858239.8
921049141,624970.25
2023069059,797773.7
7229900145,412232.16
4376800010,546212.3
4389201095,2678478.0
826069127,526704.9
2310000250,309825.0
4058801225,357563.9
6600220550,429091.47
3585300194,1499043.4
2594200375,472252.28
1102000514,728614.0
1862400471,437813.84
6928000440,305979.16
9578060470,507078.97
8732020670,284151.78
1823069088,334776.06
8712100350,1280167.0
3420069055,394443.7
4229900140,271143.25
8682280490,430594.8
3830630310,234376.58
5100400251,359969.6
1737100830,634291.4
1630700276,517269.7
6326000205,383515.66
3426049284,2936945.2
3814900260,416062.7
7403200050,2063086.0
1725059252,804280.25
8899200570,338101.94
4137000700,282637.1
1115300270,830733.6
3904920380,604706.25
2695600195,375048.28
9542100135,778000.9
1552510160,392104.0
1823059241,777304.5
2193320450,593189.25
1122069006,535591.6
7853340330,400731.9
1954420380,501696.9
7299600530,296400.28
1760650670,251375.8
6819100080,637018.6
2767704649,489082.12
2424059035,881290.4
1566100400,378716.3
5255690060,475403.2
8860500130,381683.22
7349650120,302625.53
3291800670,456360.78
3764650010,535040.4
5416500950,438865.44
7973202712,209926.73
3291800120,240287.89
9211500620,239237.95
8643200020,371175.72
9197100101,206566.86
3531900060,346482.7
8842400071,472256.8
6844701680,505462.34
6413600285,449060.2
5196410260,983785.7
824069121,798588.1
3876313120,464960.8
269000030,1010054.7
1560930070,819128.75
4435000705,226075.22
9542400025,768944.4
2470200020,1806327.6
7519000580,531994.56
1226059101,531809.0
4449800063,486438.0
2815600305,708851.44
3821200050,207779.22
2644900110,360663.84
8058500005,387539.8
1099760230,219402.27
1954430180,496237.1
7853360480,499694.16
7229100040,319633.44
1432400120,214456.67
1898200080,368946.22
4054520100,853911.6
2568200140,757752.75
587550010,601014.94
4154303215,667100.9
6358900070,958492.94
3277801640,437299.9
6209000165,296217.9
6143000020,273256.72
2591780180,404699.97
5412400170,251136.53
5466350120,257540.39
2877104196,696456.9
3222059007,350483.44
7957600025,246832.22
2698200210,250602.27
3764500230,532065.3
414100630,346955.78
8029740060,356550.94
1426049054,377066.72
546001060,716550.94
3277801417,419053.56
3630120970,793671.3
2326059080,1068656.2
3278612370,402055.0
4024700100,283653.8
7697870860,219941.98
8562900240,709025.7
4059400585,215466.55
5703000050,482587.78
7701990560,841235.7
1760650610,325169.66
5408100035,425388.03
1370800560,1306878.0
2880100240,504033.53
3630060150,552264.3
6071700020,537014.06
2473002500,423364.88
2768300650,483401.8
3523089019,754654.7
2787250190,486549.5
9477940440,430792.94
8732030440,306925.53
236500050,304456.7
993000100,830492.2
5466700360,241614.08
7203220300,879563.1
8682292180,422869.5
5209200010,465207.8
7853360990,396443.62
8663310010,442630.53
2313900165,546002.5
6114600030,622630.94
3303990030,811743.06
6679000960,336396.97
8161000230,543420.5
9510860060,709066.8
1223089083,725373.6
2721049059,280391.75
2523039278,300905.62
9826700707,492850.72
2159900120,455005.84
2767600635,666725.06
3812400455,386255.97
7852030960,409248.6
319500080,694590.75
1061500360,315802.0
1787600209,403043.53
7888700030,489142.38
3623500260,1372237.5
4219400520,1420438.8
518500460,2496420.8
2500600297,262756.25
7283900010,248986.62
9225900055,324737.44
4036800925,425478.8
7967900150,386573.75
1782000130,418605.25
3163600015,134498.9
254000075,322478.97
1424059022,1064665.5
2768200090,741610.44
4319200505,493940.03
1592000780,657935.56
1687910100,594244.8
5200100115,567447.9
3751600176,219813.97
5608010650,947831.44
2051200506,309268.94
2781280310,268565.3
1023059190,285973.25
2787310130,257410.47
4358700100,419683.03
3121069036,506950.47
1959700225,701901.75
3205500230,355839.9
7974200937,514495.62
6819100111,983179.56
6146600175,147304.77
1525069095,853986.4
1231000510,396454.38
4122700040,982186.6
2426039314,255820.03
2013200390,251635.95
1854900330,696555.44
1923300135,608826.25
582000135,542502.94
587800130,280002.3
7840800135,165317.33
6116500366,472278.06
6392002635,637221.44
5361700020,341840.53
106000395,428998.03
7199330390,360366.97
2484700155,629330.0
4038300070,462581.72
9407101850,324785.1
293610040,664401.56
7202360760,835572.25
5608010750,1100891.8
7236500025,335658.8
9144300120,374256.1
1454100267,437085.12
1377800135,701600.25
7967700570,242334.06
1562100220,623095.9
2923039243,462458.1
868002080,751261.0
7137960460,278988.12
1023089096,296568.5
3262300818,1858381.5
8563050110,563612.7
7137300245,446078.8
4365200630,424759.12
4100500070,1686786.8
3821400200,241530.66
5379803386,231878.5
4237901075,641917.6
8118600155,370990.4
8946780080,790109.94
1428000970,402807.62
7011201004,696947.56
2799800180,351757.6
522059130,295979.03
4315701163,632513.6
3649100387,467666.0
2125410210,486255.66
3224900130,218257.34
6798100661,289098.72
3626039325,824133.4
8730000270,366440.5
6065301040,826678.5
1665400165,259042.55
2203500140,406698.7
4058800875,347508.1
5076700025,446233.53
7853420110,629268.4
7818700480,345741.7
8658303080,337114.22
3187600100,582693.6
4077800518,350334.72
2470100110,5363332.5
3451000206,300676.12
1843200350,145193.38
7904700126,429713.3
9430000070,295196.4
6003500749,592121.0
7701990700,789818.0
1310820150,353389.03
3975400190,594624.1
4100000050,630479.25
7202270700,583922.4
7370600020,646440.1
126059225,464856.12
106000015,412920.6
4458800060,1033225.7
8944290090,214044.38
8682250330,641644.2
9834200390,495512.84
3275880100,724580.6
7227501190,260914.02
1796100010,640478.1
3831200210,282314.1
2521039066,282285.94
7701800050,392050.34
3904960910,648924.0
5647900670,257539.19
7234600796,519005.9
3021059244,218554.67
7787400030,1806389.6
2051200436,685268.8
8820901415,345993.66
3523069047,816686.2
9194101388,456693.66
7277100610,358252.5
9471200370,2071899.9
2767800140,701949.44
3629870110,547339.7
9136102057,610792.56
8648900060,524038.94
3678900110,408302.5
2767600150,499233.6
1972201511,642025.1
6055000430,471297.9
6624030050,395665.47
2215450150,336238.22
2767603824,460498.4
3585900460,893943.1
2922069134,420342.4
9267200062,363071.6
7228500425,494859.5
1089000190,857155.94
3359500960,515116.06
5152100160,394179.5
7230300060,377198.47
2423059067,428207.2
8016250060,247766.39
2524059267,1211898.6
1438000440,500126.5
3326069026,591973.7
9353300600,304764.16
8691410060,691793.56
6332940070,496340.0
1310980110,304304.84
7428000120,207131.4
3626079040,696363.3
2722049077,301224.88
984220290,297874.12
5347200160,244846.5
4154303655,495104.84
2953000250,273300.44
9523102447,709098.7
5104511840,394755.75
3448740250,468547.0
4219400290,1162066.2
5152100060,450848.5
3279000460,226403.38
1102001274,874365.56
1251200155,1241574.5
2025700740,277231.3
3820350050,333756.44
1245000438,863578.3
7853230200,470776.12
3832200070,261811.48
2926049400,432687.25
1246700251,966611.44
6372000155,570634.1
7950300670,388325.4
7518504130,567879.2
9286100200,432900.94
3992700585,450864.38
7234600786,796972.44
5476800069,363744.03
1126059201,1268881.5
9527000090,517316.75
402000115,304705.5
8818400450,1104552.0
2475900840,297584.62
1437500015,223947.5
2848700095,422234.38
1529300135,363789.22
2597520090,755295.7
7812801125,198167.88
3343903647,440098.4
1951600250,195078.2
9542840590,261292.86
8081010040,1258004.2
3262301355,1561909.4
1861400068,463615.22
3295900490,433080.56
4345000440,238981.66
4219400465,1067853.9
3797700030,260034.83
3204300860,751822.2
1930301555,510811.44
8807300130,337774.34
4391600035,272024.22
5021900140,1825628.5
2946000590,258690.4
686400210,541469.3
3365900462,239832.86
8682262170,423938.78
7312400325,353514.6
3760100100,396366.9
3579000410,446621.8
1773100755,497108.72
7129300175,368975.53
6303400965,262066.88
1328320440,331163.06
3686900025,241589.9
1221039066,376096.5
7950304095,346166.97
3585900785,1064704.9
9455200329,489047.8
629410130,760754.06
1994200375,575194.75
6669200370,905950.94
7262200150,270075.62
7504010750,573328.4
5253300173,289787.2
3395040200,300469.47
322069109,407144.7
4054510270,997318.3
1710400005,545262.4
8644300170,712708.06
2450000290,1198522.6
6102400166,853288.1
1934800087,439960.94
3333000775,299579.88
5393600509,295226.25
621069039,367687.2
3343903611,620834.06
2954400020,1102093.9
7972000010,209192.77
7214810510,500745.28
5561300540,490298.16
2634500070,416226.38
6822100310,685476.7
9201000100,817837.7
1072100085,330497.1
6190701146,438920.84
3277800845,238546.75
112900020,331883.6
1324059048,667499.6
7979900126,387184.78
7199330370,421220.8
6381500720,442240.34
8078550190,297464.47
7853440140,806662.25
6300000396,355097.25
3374500250,375394.53
3343901188,287058.0
6979900010,823038.5
7199340320,594882.0
1112000125,358350.97
9269200150,350885.8
5104510210,297330.97
925059219,582168.94
100600320,185225.9
1789900080,258104.9
2123049142,317356.4
2459900040,588301.9
3902300450,573755.2
7250000065,302747.78
7823700005,341989.8
3750605247,223507.33
2771601730,550966.8
3298600440,362750.34
9141100005,170956.05
8682262190,447275.53
9407111250,242777.23
1336800010,1647656.0
2255500060,632000.6
7950302345,283224.75
8658303585,268361.06
9184700600,1091022.8
8068000440,302256.53
1310000130,309319.44
7853221330,741403.8
1222029077,430085.8
8562891100,353915.4
2517000260,358596.6
2225300149,355674.0
8651410330,182227.86
2413910050,597735.8
9407100720,280710.62
2112700920,321502.06
3761700251,765800.2
1036400100,650946.9
3585300365,656404.1
8562750060,908603.8
2719100042,527111.75
952007055,442992.06
925049318,590673.6
7203220260,1027887.2
9320990140,326605.7
8567450140,481119.56
5379800810,185686.95
7784000100,486725.6
3992700475,423799.12
7905380280,413132.53
943100683,412999.9
8029770470,564709.2
2818600060,1143253.2
1226039124,510383.78
726049184,294501.38
795001930,243433.94
339350150,768917.1
1332700270,283983.4
7548300170,604357.7
6141100330,403310.28
647100096,883175.44
6744700423,508592.84
2895800750,315667.78
4046600220,345908.56
8809200070,410261.6
293700110,796181.1
4178500440,244402.38
4358700164,245296.33
9197100263,228930.45
2426039313,268012.78
9468200163,627257.56
475000190,491187.25
7504180170,430862.4
4036800170,489603.06
2561330040,482543.6
4123400340,503144.8
524069115,987419.4
4047200850,361544.2
8651440230,237117.39
3905030140,534349.6
510000641,702158.94
8663370020,419364.22
2883200760,754803.7
1980200384,857638.56
9468200140,499512.28
1796370150,263287.84
9238900085,549067.25
9191201325,614872.75
2538400060,953865.94
3758900037,1071943.6
2472920800,412861.47
321030150,353431.3
2571910100,324324.84
1423910670,255483.4
1118500030,805364.06
1939000010,680546.5
1776460190,447782.2
7504400290,665568.5
3448700070,415823.84
7518501025,601366.06
923059252,494887.97
1431700210,245791.19
8635760480,538692.1
9175600025,3242086.5
7922720250,581043.3
8944360390,494754.6
8948500065,222363.81
8669160310,246388.08
6117502745,536459.9
1789800020,351330.3
226039186,310867.34
6457000080,261137.0
9557300080,551910.44
8562790480,662374.94
6430500008,531815.8
1604590230,839177.56
9542850290,738058.5
7831800395,279572.28
3317500030,1143047.9
624101110,709063.1
3654200039,421779.03
7856000150,747998.2
4338800685,317025.16
3211230300,418478.56
3904910650,571996.5
3598600088,261628.42
3796000400,339339.1
7972601280,485141.56
1450300050,262141.69
7504050090,814191.6
9202650130,550067.75
2419600075,350554.47
1224049005,1007236.3
7129303240,368799.28
1922059135,229525.08
7852020250,653949.06
4139910180,1560520.0
4222300040,287765.1
1024069027,994225.6
8944600620,538266.75
5040800060,822385.9
1036400200,628514.44
7899800915,225626.06
3325069025,475899.62
9408300310,612008.4
1773100604,332944.06
5451100490,1043395.1
9536602080,182810.42
9828702055,369068.2
3362401758,479212.56
476000333,430109.88
4364700730,329463.56
5559200020,244681.88
7522600110,249091.97
104510440,230684.61
8820901275,544788.8
3298700125,262646.56
323089172,437137.75
5364200477,615699.5
2222900082,372259.34
6641800020,661611.6
9358001422,308263.6
3438501150,290252.3
2206500430,505024.66
9272201318,604039.56
585000095,609641.44
7708210050,576785.0
9407000840,311239.56
4027701265,524252.1
8644210050,734847.06
8656800020,363819.6
3329520170,204711.02
5104520720,315261.84
3806000005,158288.56
2330000015,708269.4
1447600410,303561.94
8641500252,412871.3
6084600420,264862.72
441000115,441836.72
2597490030,707005.56
650000030,722497.1
3585210200,394195.5
5416501030,424726.97
5406500170,653414.4
2916200065,417041.7
3330501975,510085.3
1774220070,580308.06
8731730710,208678.16
7861500150,420396.44
1402630190,369597.78
9117000230,296016.1
7133300380,689916.3
4232400470,684725.8
1773100972,303697.8
9413400165,263421.6
7658600025,440008.1
6909700040,900202.6
1402900380,292637.53
6625910100,490410.53
3204900010,617677.3
5162100820,347296.88
5560000480,158463.05
1704900303,537609.4
8084900170,1735113.6
2887700091,699607.6
4331400190,306432.62
3762900130,411657.5
52000067,618808.5
5430300120,1006910.9
8956000460,612404.56
8856950310,262472.78
3364900156,432927.44
9310300211,306302.78
6448000020,1452761.0
123039570,370609.72
7600065,549896.7
3123039171,477135.34
8964800445,1744704.4
7857000732,392314.88
7525410090,573985.8
9541600350,766342.44
3186600515,753464.9
4123820450,332716.62
2505500030,1066767.0
1541700240,330347.88
6629300120,420888.34
7399800150,519186.44
9517200180,374914.72
1313300340,487098.47
7967650010,385921.56
8807810090,391750.5
8815400670,813180.06
2310030500,302516.8
2241700075,295763.75
2287400030,305168.28
2827100075,236115.2
1310700390,313765.56
5498100010,462890.12
723000114,1435817.4
6431000987,491730.75
3356407665,206117.84
7852110050,518397.16
8677900123,467319.44
1917300260,222042.92
3396800280,585167.75
8691420050,846742.9
9368700006,291254.22
339600290,437431.6
1592000250,591010.9
1471701780,347886.2
8928100205,675195.06
5029450100,218432.56
5493110080,2447206.2
7883603750,308623.22
1732800175,1014285.06
1518000290,344398.28
8604900017,570105.6
5379805160,269944.7
1254200835,571043.3
3179100482,478339.47
3313600266,186010.66
976000879,718163.75
8819900220,728311.5
2130701535,294771.84
1176001124,580994.4
7893805650,273617.56
3885806840,877501.5
3625600190,1316836.8
8562790150,814067.1
7348200115,207591.98
955000453,462436.6
6817810310,364703.1
4040400340,465383.3
1644500050,645766.9
8029500100,317633.9
5244801230,761887.94
1115100119,355586.6
9542400010,803468.2
423059387,553530.1
4023500990,304005.88
7899800857,259079.7
2976800796,210989.12
1074100020,319254.3
446000010,578604.56
7942601200,455245.53
3575305495,800775.7
8691310040,768529.5
6117500430,840214.06
3924500130,574507.94
2028701075,506090.12
4330600360,282160.4
1324079082,403317.72
9268200484,770839.8
9828701605,589313.06
7518506715,1039068.75
5315100277,1278825.2
3942900115,428169.34
1561930020,446040.88
9510970090,620341.2
6163900821,333282.8
9510300220,546952.56
3869900146,278961.66
9262800208,667003.2
2522029039,532667.6
6865200095,687772.06
3782760040,466486.34
4237901250,632230.75
2891000610,208941.33
2749600095,571556.56
5422810010,359124.94
3629980350,737959.7
2459500070,284137.66
5113400364,650188.6
7533800885,751676.25
629410190,729697.06
8651431100,247236.06
7960100050,559185.5
1842200040,431178.1
425200205,241073.64
9477201470,331983.9
7905200365,544072.8
6381500635,290643.7
6052400175,355396.75
1236300268,493410.97
6072800265,1693270.0
3423049311,198700.64
3755100540,367745.62
7852150120,358590.38
4180300050,388389.66
7625701935,321753.2
7132300550,416426.34
3025059093,3365255.0
8161000220,449387.16
7852011020,568478.0
2599200160,353416.3
5536500020,574912.5
2095600150,259246.38
8910500226,372178.2
1681400010,810263.5
1424069110,725493.4
5127001620,328971.1
7940710070,412399.03
2413300980,313671.38
7853400250,629674.06
9542801310,312979.22
1890000169,503946.56
2720000120,284752.6
9424400105,526400.5
7888780090,258327.98
3501100280,383706.72
3905100220,491664.94
723000150,996089.3
8691310980,731763.4
2297400250,475435.5
2892600056,215270.81
5273200080,517644.12
5145100460,471383.56
5561401260,612694.9
7732650040,923663.4
7504101280,897493.1
8581400345,285099.66
7129302800,490374.25
9551201560,586380.8
1546600020,663002.8
2648000071,255153.06
3339900640,250674.25
7853301240,448253.84
943100262,280889.34
7202430150,834630.56
3558000120,316959.75
3890600150,438610.84
7452500315,258954.53
7173700591,658668.7
438000015,684185.44
928000020,382376.53
3830700010,407336.06
3845100640,403611.62
6675500112,396471.12
1773100920,345317.12
9485940330,386015.06
5561000600,540557.7
1786830090,589322.06
2011000020,241621.75
8024200681,390429.2
5452301810,1690529.2
5515600075,302694.75
357000135,1218357.5
2541100010,575005.6
1090000036,676999.2
3459100300,406483.1
2450000295,1175581.1
162500015,398887.12
2592210290,781277.6
5101405265,569659.3
1122069019,644803.4
7501000220,874422.9
1310900140,323696.6
3298700941,232857.06
1972200382,423475.84
5100402764,483576.28
2623069069,713405.1
6372000280,513863.06
4305600240,482367.66
2767602094,559337.3
2500600289,202559.05
7203160090,814654.9
3521069146,485349.78
824059321,1565308.6
9348700610,801874.56
7228501745,562599.44
6021503656,441229.62
5437400630,545258.9
2207100740,426739.5
7202000220,428975.0
629811340,741710.56
1324079029,307045.4
418000010,189966.06
6303400290,216360.92
4139910030,1186935.4
3023039066,396300.22
8698600395,199703.81
2799800710,351958.3
7351200050,1200694.6
8564860270,489627.8
2591830020,409714.06
4139420430,1388143.1
9828201725,503701.5
2420069604,270514.44
7224000315,198311.02
3861470120,1985903.9
3222069151,285686.56
3869900155,360386.4
123039346,331051.28
305010050,687034.94
2141340040,690865.5
7504021310,682883.0
2436700315,575710.25
8732750100,330954.97
3298201290,370222.62
9241900150,1067896.6
1180005220,260091.2
5540000050,302499.75
9211520400,255799.34
2623029078,486728.72
7132300695,400737.88
6430500219,423993.44
6084200100,374126.38
7140200280,255049.0
3904910610,634674.8
7625701900,443371.3
9432900560,332898.44
1388600110,222791.08
9126101201,369129.97
4224100030,419003.34
1109000390,560643.75
3336000296,265524.2
7504100590,787221.44
2025701060,260527.61
7527410080,600694.25
7304301045,279868.06
2591840050,455447.34
2767602490,438771.16
5494000040,1434994.1
2473251090,261108.08
3825500080,484101.94
2309710150,329922.75
8901001335,635758.3
1781500435,442214.34
8835220200,336867.97
4037500335,524692.4
1338300180,1906465.9
7968000120,274458.53
686050100,1036114.0
1180008315,219015.47
1657300280,423685.06
7856600170,812303.5
4154303125,573873.4
3295730050,643005.6
1777500090,667286.1
203600470,646994.0
6673050020,349819.1
8731980680,278315.03
2273600260,560770.5
1000102,297076.03
4197400005,531105.56
3378100100,264249.84
7856620210,754233.5
9275700765,830974.5
1246700136,406289.94
4239400740,144625.67
3306300630,184272.61
2524049056,1391847.8
2023049245,234118.1
3210400340,298851.0
2621760350,303050.7
526059183,410379.56
8078460050,656779.6
7504110050,666838.5
3876312840,427869.06
9268850350,367539.56
8085400490,1291153.6
2722059185,478082.0
3644100101,339544.2
1321700030,748385.2
5608000630,1269270.6
825059349,1316328.5
6083000071,197713.16
9164100105,553986.0
1425059145,427445.78
5210200184,548706.2
9477201370,428453.84
2927600630,945276.4
2619920170,825746.2
1560930450,539159.3
2896000510,543329.6
3034200067,605664.75
4025300360,373400.3
3362401295,530489.3
2391600555,425218.62
7550801170,502443.84
5347200175,272525.47
8910500471,485301.8
7199340560,456697.94
9266700175,433958.06
808300270,430010.6
2487200875,473896.12
8728100781,345773.75
5379804888,267198.2
6619510060,528165.2
5416500680,446483.34
1862400087,470029.66
2126049277,409459.94
4137000070,331779.84
8081500060,2122556.5
686800065,1040611.4
5561100180,602960.2
798000342,303626.8
5603700095,550018.2
7151700585,1336575.4
8129700565,603121.06
2782100260,697551.75
7011201106,441930.47
2423069084,607186.1
8141300300,299803.7
6601200040,297217.47
290200230,656340.5
1423900220,227714.1
7303200450,240607.2
3755100220,373661.56
796000235,242471.92
7237501040,1092605.4
7203220400,878048.1
9285800275,737682.4
2061100435,496326.22
6414100025,552684.25
5317100750,2602052.8
6145601000,431992.0
5634500775,502562.38
7375300160,609685.25
9558050360,492504.5
4151800420,512413.1
3751600146,202474.27
5302400080,558676.0
357000005,663339.9
7283900306,450822.47
3738900105,320064.97
6822100305,589928.3
7436000205,576835.2
3295730040,597914.75
1526300015,407798.34
3294700101,275166.75
8864000970,222993.73
5469502700,378062.56
8078520310,253673.62
6154900130,343116.56
8945200830,175612.64
1085623630,427581.16
4013800131,233791.03
2287000010,756453.6
546000930,662922.3
4051100390,241721.4
7203100120,637725.06
7523850150,283932.1
3826000665,271265.62
1311800560,210176.34
2877102180,512580.66
3221059044,755765.9
9169600110,574053.2
9510920040,775128.5
8813400155,1007447.94
3896100130,1132304.1
2568200740,743700.06
1217000340,329341.53
6430500086,440230.6
5634500234,548245.2
825049073,494883.62
2391601445,964360.3
7881500330,436043.8
1721801591,131507.38
2473390710,298836.06
5634500891,384293.53
5515600163,463483.1
2560805630,242879.2
8078350280,606535.9
9477201060,397312.97
8827901350,809906.7
3560800040,419686.9
3034200370,515455.5
1328300040,322995.28
2483200010,642427.7
6071800480,474997.1
6200017,215093.16
8149600065,983540.7
3362400615,487135.47
7518502945,535379.1
8001210120,258659.12
8682280340,494388.4
3623500408,2396343.8
3764650070,463490.34
7937600380,337111.66
923000580,793893.44
217500005,433214.53
5419800510,251261.25
8562901250,552169.8
2212200100,288217.28
2310100240,358647.88
8582010240,640106.7
8651410670,189943.8
3330501645,282896.88
8113101232,364678.72
7849202190,331503.47
1864700300,317927.7
5231000060,299681.75
1565900070,232284.4
7555220140,663562.25
7518505160,442633.28
3322049005,576738.1
808300550,446793.3
66000265,409032.12
2880100675,374900.56
1524079156,417172.34
3625700010,1605604.0
3259400024,374859.12
3205000310,332387.0
807800190,260584.69
2783600210,473034.8
9290870040,826703.6
2561360120,423950.72
8857100180,429923.34
4388000070,209797.9
3860900003,1012067.94
1176001119,596868.9
6084600330,238414.95
7985000100,225514.08
8026200080,372284.9
3210600010,709543.3
7558300170,565198.0
7852180340,459203.88
524069011,695856.0
3361401011,134894.77
6117502455,313948.47
5602000025,204083.75
4142450490,327465.25
5306100255,356983.62
1795900120,565092.75
1193000280,883142.94
9238480120,569139.94
3630200780,908240.1
1250201130,450749.56
7796000095,1400126.9
8635760040,469812.38
9476700135,303698.3
5249804510,507356.75
40000553,267802.34
3204300625,889867.1
2596400050,402506.47
2724069103,379653.66
3744000040,457290.06
7525100590,449582.75
3705900292,438372.25
6169900790,1840980.8
8127700735,1025864.9
3761700067,1148139.0
6065300570,854501.9
4022902050,487713.1
3886902590,577561.6
4107100190,2666205.2
2909300150,652975.5
384000135,492566.34
1005000036,442706.2
8856970530,306023.62
3448900320,552394.6
6713700100,361114.38
2260300060,2259058.2
7273100026,652105.75
1277000020,870008.5
2620069113,360897.8
4166800080,348262.3
8731902680,276729.62
2599200830,227186.5
7569500010,664067.3
1825069031,660948.56
4443801495,587308.8
7805450110,720621.56
3345700207,533128.5
1560920450,934393.56
3629950010,458387.34
3782100035,267688.16
5561400340,735773.9
1898310110,261521.22
2122039094,824183.9
631000040,578195.5
293000145,360498.84
8121100015,392699.7
3205200430,361281.97
2475900565,327377.44
1651500040,2142360.5
3955900500,421272.7
7907600100,308390.75
3123039136,365039.8
3972900735,277231.25
1424059130,579345.06
6792200282,253938.33
910000104,269279.7
3751600784,351476.25
946000295,430092.03
7749500070,335353.6
255550070,315046.7
5151600340,307777.94
5415300060,467203.2
287000110,526165.0
7585000110,199568.45
8121200460,518727.06
6891100090,885296.56
7575600100,307799.06
4240400140,594703.0
4046500510,319139.7
2944010240,1084692.1
3449820380,559485.1
7203102140,344640.34
8665900291,560423.3
1775930010,442518.62
1118001631,1334023.0
8911000445,309050.56
117000100,592603.0
9284800085,477413.9
2795000080,460329.66
123039207,316743.28
1312200080,235457.94
1236300290,1146349.6
7549800168,444721.44
6891100260,867712.44
6072000910,547823.4
3226049184,406046.3
1442880320,489417.66
23500190,557832.3
6021502070,556671.8
4168000110,195847.19
792000006,166662.44
9558200210,222919.22
3840700757,658211.2
3876311650,575777.6
1328320800,329496.5
5006000170,272547.66
7575600430,253934.47
7686202580,201013.84
2524069097,2491565.5
4292300024,374420.7
2726049071,346416.44
3526039019,748425.25
3300701365,419522.62
1274500170,217214.52
7282300095,262278.8
8562740440,692835.1
3761100045,2974112.8
2877104265,896325.4
7940710100,502278.1
6071000030,703433.5
6448000100,1584281.1
2923500230,2748230.5
6751300375,442283.5
7214810350,476515.47
1088800470,560544.4
7129300420,236701.78
6149700405,318004.94
9521100855,457225.38
1861400116,769149.1
2787460720,236849.95
6073240060,574512.8
291310100,436842.28
1247100035,1075433.6
2626069030,2625692.2
1326059085,589387.2
6447300265,3242952.5
8651401270,200890.92
3524039209,990420.94
3226069049,1163361.8
7548300425,449925.4
1438000360,473375.66
1777600900,756135.5
5244800695,533331.75
3387900390,264903.97
1954700615,1199291.6
1026049036,273909.16
1683500180,243731.62
1939130420,638231.25
2021200530,985260.75
993002325,432160.5
2780900220,282096.72
2540800390,457612.6
2919700540,620269.06
2787250090,495712.25
8651442520,235361.86
100600860,208524.88
1437580480,906371.6
3886902505,646110.4
173000140,370405.94
5151800045,508651.28
3010300240,546410.06
2085200261,295305.2
1839500065,281130.12
1049010300,400930.72
1328340540,295483.7
8887001625,476689.53
5332200320,738177.7
7137960030,294370.28
5468780250,331409.62
2436200715,610300.3
5137800030,312838.06
1068000520,1217159.9
5379805121,385562.12
7445000105,467592.6
7942601895,739886.1
1727850350,1194391.0
9407150310,324453.16
5569620550,725374.8
3179100480,495877.44
3624039111,245321.38
7844200050,299561.9
3304040020,383757.7
7739100155,630824.4
6099400053,166232.88
7468900270,186846.61
396100025,374927.7
1160000255,363536.12
6300000320,389081.2
6392000570,390686.6
7387500235,330652.84
1121000058,570091.4
9828702120,517336.38
7715800310,429833.28
8562740370,742011.06
5637500070,415033.4
5561400470,654635.94
1189000205,472228.9
2412100025,369660.6
1073100065,314921.6
5160300020,578517.8
2770601677,543920.7
5104450070,421247.38
820079043,392742.5
751000190,364502.75
1823049179,378950.78
7430200060,1336029.1
3331000035,502271.75
1775910370,557446.75
3626039299,532776.56
1546600125,678574.75
3260810150,322978.62
6817800330,301790.2
414100045,385073.2
1326039061,368281.5
4055700030,1212974.5
1225069038,5320084.5
2296700260,434092.28
2822049160,234688.1
3395300260,505591.4
5144000036,338435.1
809002290,862542.75
7334501410,343545.6
421049114,183592.97
2623069010,757981.94
1133000144,533899.56
705710290,349597.34
7313200120,687494.9
1269200150,287591.75
9264930970,327381.53
6819100020,2060406.0
5112800421,275622.22
7846700850,267828.66
7227501450,271443.2
5451210150,784644.94
4140900140,444969.62
3537900180,893226.94
7738500475,444278.66
3541600450,427841.25
5379800040,339699.53
6664900330,264545.38
6056100312,329941.0
7766200013,516964.9
8651720470,459488.3
5690500095,875405.3
5423010180,734003.2
3204300610,598738.9
3425059066,628238.94
7856660130,1089300.5
2954400520,1450940.6
2327000110,906949.3
9526600340,721027.7
7695500200,468803.72
7237501180,1151951.8
2008000550,271254.5
1123059126,590290.6
1775500371,798862.9
3459900230,1876624.4
2619950310,483654.34
1771100330,274898.4
1321059097,375197.03
2420069278,291456.34
3832050570,313190.88
7132300525,484502.44
8691410700,715768.75
7967000150,333628.97
1328300810,364908.6
711000110,1310402.9
9485951460,417557.56
1771000970,310931.28
2817100900,264010.22
6817800630,387080.0
3558900450,481969.56
7215400770,351733.88
4222000320,213646.73
2791500270,253483.36
424069018,799484.5
9547205180,681004.75
5631500947,574048.8
1425059193,1201210.6
567000775,414639.38
3904900610,504579.28
3649100346,413610.56
1624049228,404007.7
1559900080,341824.2
2919702040,616515.3
4013800206,195643.84
1025039292,1080299.1
2771604640,813767.0
7203600550,264870.5
1545802830,285574.1
3303910010,614059.94
8617000060,805669.94
7889600190,246154.58
3325069064,464250.28
6300000337,475274.12
1172000150,348322.4
3348401319,339559.72
4188000490,837904.9
7779200355,566932.56
8029900110,446731.4
4060000290,218933.66
9475710040,401914.88
798000535,247581.45
6415100410,410072.2
4299700095,324384.1
6117500955,460984.22
2421039075,232364.1
3362401935,537529.4
1545800205,291967.44
7645900235,630941.94
4141000060,1245795.5
9485800050,653554.9
2436700280,826683.0
7335400400,238589.73
9294300495,719217.4
6649300190,437409.22
7950303270,391000.22
2391601010,430605.2
8129700728,606086.3
7871500685,670498.75
1498304065,527184.2
3862710010,450239.0
9209900335,601254.44
952006857,347312.8
2322069168,609370.06
1775801090,502333.97
5700002165,495157.78
4029400080,423401.56
7796100080,813780.0
9279700150,1699477.0
3876200060,408659.78
2934800025,346926.12
9359100101,1045651.4
3330500335,385065.94
4027700466,348504.1
3204800430,379374.1
5415350770,650055.56
1443550020,496967.97
2810600022,302678.88
1238500281,544499.06
2591020140,473091.38
7137900960,239140.94
1328340630,288054.62
3529200190,337380.03
1624049291,878678.75
4083301120,677265.56
1873100060,643483.94
1773101159,227453.34
7214700350,475452.16
3856902250,614993.44
7169500130,493516.78
4038300010,431641.78
9578500810,443446.03
3345100184,416994.16
452001860,493478.44
7905200037,543404.06
9376301110,484080.2
873900240,288451.38
8682262400,413533.56
7227500910,174975.11
2392100090,544609.2
3221079050,533505.9
4307320280,371026.12
3211270170,491961.56
726059483,721740.25
424049043,1676761.5
6865200140,612567.3
1155640050,398329.66
4139430250,1475894.6
818500100,174183.44
7999600180,180398.38
4099501215,845261.4
4046700140,352012.3
8857600490,209595.33
8677900120,541501.5
5379805253,187737.9
9211510410,266897.16
2337000150,271289.62
1423049029,277032.8
4036800580,457958.9
3942900010,380375.6
3438502715,380695.0
7625702441,386462.0
3905100610,479265.12
2218000335,458564.94
3034200516,396279.38
8024200625,421768.2
8564500020,346937.44
9550202700,488762.84
7518508625,662866.25
1822350070,404247.47
8921000040,750619.2
6648150090,1520632.0
2402100675,729785.9
42000127,274434.47
5100401160,506913.2
7347600507,226933.38
1839910300,354525.06
1250201550,810582.4
9460000010,274677.12
3356402232,178802.4
6819100150,700010.4
8645501330,272314.7
1556200005,875906.7
40000228,177515.95
7300410010,377909.12
4299000030,364006.94
2629600016,559654.4
662310900,375218.53
1909600046,458592.47
7893207490,213240.16
2524049318,1782526.5
924069210,749536.3
1591600527,330329.72
98000060,1332650.8
6392002020,644959.94
2719100400,508946.97
8018600655,444016.4
2141500020,450012.34
3277801580,492908.66
7237500110,1051283.9
626100023,588831.75
4319200820,347184.34
1422029138,602740.8
9517200610,409459.62
7334600280,299916.0
8820902400,516574.0
8944600060,562358.75
100100050,285431.5
8074200100,245564.53
1836980240,774055.7
6648500440,327561.34
9530100225,676783.5
2883200875,650293.0
4218400175,1029968.0
1022069183,575906.44
6398000171,511243.38
5021900160,638720.2
8078410250,572332.0
7972602490,305529.56
1962200435,816206.1
7221400285,246901.8
273900030,243532.7
2708450020,505005.03
4083306616,457339.2
3034200435,531187.0
7855000550,1383009.5
871000155,608780.56
8024201714,538102.9
2625069038,1470072.6
2324800350,840942.06
5450900010,1346437.0
1822039225,655322.8
2460700700,264999.25
6679001060,308844.16
2422059111,321630.16
1250200345,275937.22
5589300370,333552.66
2021201000,1494903.4
4302200336,277566.16
1328330290,331958.9
3438500781,392090.4
5453700020,748699.6
123039147,401861.84
8691310070,880730.2
6450303785,309060.28
114100234,474862.9
9212900820,491866.53
4270600025,309982.97
7201600190,480319.5
521049227,1186740.8
6300500479,398411.78
1432600100,201551.34
1024000109,406631.78
1430800100,383234.12
9164100125,571357.75
1925069183,479257.25
7852160080,889410.06
5317100780,1770457.2
4083304835,551520.44
9478400080,731163.9
4463400195,211770.94
4232901525,568263.1
3845101070,412592.6
1843130980,281606.25
3810000480,334069.47
7137960440,292052.9
1231001115,364363.8
5101405340,464104.94
3723800409,551439.4
8651430370,195569.52
6135300010,240575.75
23520380,472194.47
2935400100,540431.75
6137500320,908623.75
7841300230,325962.22
3521069051,452948.8
2621400080,283827.78
5104530240,388704.78
2022069200,470470.62
5469501850,376618.28
9206950110,286135.6
3298300210,389353.66
2810600015,416784.97
7298050090,500161.97
7202290620,446873.94
3211290370,449969.53
1591600506,371522.66
2827100070,431043.62
2482410130,403323.7
4364200125,401255.22
6388910730,510899.78
7436500120,529303.06
1822059156,793734.0
9432750190,496473.66
2205700405,432898.47
6056111370,309465.94
3205500160,386709.5
6139100076,393062.03
723069135,481607.47
4123830070,321001.9
2472920740,466585.44
6134500220,628195.1
2734100395,266229.0
3574800090,459069.78
3126049107,597214.44
669000210,999735.75
1139000620,320586.12
3825311190,714180.8
7300400320,402949.7
9407150250,294108.53
3679400503,323616.78
641900050,400105.53
9169100130,605395.44
8091800140,348094.34
9547201155,521473.34
4154302045,298640.12
6638900265,791969.7
1423069063,439976.66
3335000025,488133.9
9269200650,265513.22
1781500180,363708.03
9211500520,235054.47
1853080150,838066.44
2767704756,463075.8
2206700295,453458.22
2557000380,309060.9
11520200,732965.3
3832710680,243747.05
2569500210,317978.9
5230300210,255008.56
6447300225,1672695.1
5035300325,1252361.8
7853301660,736695.9
5411800250,374270.22
7203210170,715827.5
4302200415,290088.72
7942100290,227131.34
3629860160,773606.0
1423069076,604773.1
525049085,566976.1
3306200230,238037.22
2193310300,493916.5
7978800621,276352.12
4027700632,475422.78
1761100190,223918.48
2749600245,513603.97
322069141,411352.03
1900000035,246190.47
3361400190,193173.12
1604602050,508430.8
9421500160,468276.1
7788400180,291221.3
1566100625,507402.9
3861500340,220908.64
2524069072,317691.03
3013300980,504782.25
4191500130,621090.94
9407150130,304329.47
3904902500,709047.4
9510900140,264214.0
3368900084,306424.62
3432501415,305556.44
4254000540,452206.16
2767603250,570575.44
2923501130,620568.1
9183703045,297508.22
5279100675,339545.4
3905080310,516135.22
2461900375,680374.0
3346300356,563008.2
1865000110,375022.9
9264930400,294892.5
3447000100,679982.3
2313900510,485160.06
7518507330,569415.3
9368700270,226542.5
1137400420,384751.22
2023069054,362800.62
2141320230,670282.44
9536601295,395731.88
2424400130,379827.62
5210200081,488495.44
4443800785,544903.3
7292700005,552442.6
9834201205,324996.47
3275800050,272305.12
6926700654,661488.9
7511000140,1374770.6
6821101895,603070.06
8964800695,1315895.1
6821100195,758850.4
1226059105,644619.75
2806300070,1125920.2
1720069029,383055.8
6384300020,455599.75
8928100125,588839.3
8562770720,595489.25
8650300130,688555.56
2126059172,459037.38
8812401450,808187.3
6646200280,620190.44
4021100045,555497.2
1155620190,409445.34
6061000010,374314.53
3362400472,392569.94
9558020240,481466.97
7309100270,519717.06
7137950210,330641.8
7849200635,229047.25
1311200460,250644.55
284000095,1239610.9
1509700050,307805.7
3438503014,266695.34
9406450090,360374.72
5096300140,385441.53
8923600020,1478531.1
809001070,723304.1
2291400342,288275.0
644210020,876994.3
6700390090,244960.31
5631500285,774595.25
104560120,279554.78
6413100311,403019.4
2558700090,434291.88
1471590060,727465.94
8914100170,602340.7
5652601035,343481.47
7852120140,744373.56
6163900952,354935.12
5215200050,913256.2
6352600490,758018.2
3912000020,636551.94
8830400135,235884.86
5467500040,437750.3
9406570300,415710.9
109200390,222604.81
2025770310,743030.0
1939120450,653351.5
7524900003,2988440.5
3755000120,371298.66
2473002850,543174.3
7625703945,378270.75
9477000190,421230.53
1727500230,419831.75
7011201087,400946.97
5561300750,499128.34
3969300030,184438.17
8097000330,326374.38
2025049064,776710.8
985001321,237856.36
1775500050,490719.47
8849300160,398362.72
2316400285,559222.4
2423020180,678947.0
7128300500,485033.25
9512501400,402512.53
7200179,222428.64
5490210670,492095.88
9527000330,561497.06
1972200326,538992.8
4151800195,590101.75
4046500320,348040.9
9834200885,529337.4
8161020050,516884.53
2891000750,191662.19
3426049031,1255974.0
7387500195,274944.7
6303400395,139537.0
638100015,459426.22
4107100204,2203797.8
537000255,218215.75
985001266,285307.75
1137410040,473333.03
7229900250,255453.19
3905100840,499925.53
8100400160,673413.75
1346300150,2673737.0
1443501020,232940.38
5490700035,354782.06
1954600050,420716.4
8122100690,454641.0
3663000070,513001.66
5101406375,454849.97
426059055,652357.25
9268850160,401047.88
8731800840,249168.28
3331001910,326661.25
7603100020,1045296.56
809002705,748365.44
4364200075,268199.4
1113000430,180799.16
1176001117,622259.75
3320000212,389696.16
9286000150,1356635.8
301400830,222308.58
425059024,702013.8
8835350300,540005.6
7100000135,298946.88
7696600240,198160.86
9808640320,898789.1
3764500180,590804.9
326049060,602485.94
4017110200,440882.84
7224500300,256305.6
1560930050,507255.66
726059395,416705.75
8964800890,2620014.8
4045500620,640003.1
8562710250,983611.06
1775800710,363199.5
9528102865,761995.8
8096000060,664551.0
1591000015,310948.75
2310000430,307999.66
3902300350,627673.5
4068300280,289368.38
8732130730,254054.36
6791100410,498750.2
7660100236,428620.84
2568200070,817666.06
7697870310,262079.53
8562901100,620289.0
4016800120,331316.6
7338200180,558598.4
6791400320,237392.11
616000200,451596.28
2917200675,492539.84
2926049086,549904.9
3621059048,465498.38
7987401095,668389.8
5589900590,397394.0
855700170,516387.1
4030500130,291846.84
1755700060,379733.8
2413900050,747585.5
2489200250,508362.66
420000085,232906.27
8106300820,467893.5
8651730580,472927.0
8106300090,432181.12
9842300095,410015.4
9477000280,387795.56
2877102495,458606.53
868001030,918730.8
8564860110,541315.06
6762700452,545468.0
3294700310,189498.94
7231501665,266876.75
7525900050,519012.8
7882600326,1468047.6
104550690,286832.78
3425059076,1710206.4
8835770170,2898462.5
2581300010,1149973.4
844000180,254595.16
7888100240,244222.12
3845100670,456272.44
4027700812,459633.12
291310390,338426.47
9550200370,642765.0
2328800130,288429.56
2372800100,241266.56
2923039264,767374.7
9282801720,308050.3
9520900230,620237.75
985000955,270939.12
1099600090,241466.42
9211010320,539312.94
3825310820,808519.3
9545240180,547283.44
87000245,254398.12
5041300100,568689.0
3624039150,243143.89
1370804430,599759.1
722079056,455676.25
9126100815,514871.25
1770000490,357420.78
3995700250,401201.53
7214820400,415568.94
2473411130,352654.66
1824059079,957509.8
3080000030,480741.72
984200540,302523.25
524059063,1850828.5
9482700475,743964.8
8024200820,553436.7
8568700015,376016.66
1223089050,358396.9
2205500400,458900.22
1279300085,652971.9
7376300085,492363.44
322069020,428219.16
291310150,352871.47
724069059,1834463.2
5255200220,389340.03
1931300850,427435.75
4427100105,428719.12
2881700231,388528.75
8641500280,256178.55
5406500440,666063.5
8078390150,682698.94
8945300090,203603.86
8819901030,903411.75
3179100220,887234.94
2126079046,406801.03
2621750350,331222.62
4014400190,450084.72
7853420110,607327.6
2114700368,282091.25
3438501081,264698.78
6850700670,845503.7
3352402272,236554.31
4157600150,637573.9
8151600941,271278.12
5160300030,629263.3
3820350120,305833.5
7338000800,187319.42
3359500110,783036.2
8016300240,620584.4
7203120050,806999.2
3322049201,229154.8
7231502505,235780.47
8106100105,4078091.8
3895100039,920989.56
1001200035,235142.23
2724201202,224053.58
4038100110,518763.6
8827900015,624323.0
2644900109,395350.66
302000375,229001.98
1604600095,373025.28
2600040160,663451.2
2129700525,300333.28
603000555,427690.75
4083302225,770781.7
7298000090,393784.88
2484700015,553639.44
8945100320,194463.42
5112800042,395332.06
8091411100,286416.0
7375100070,468175.28
7577700061,609965.1
7923700030,465995.53
4235400186,350833.56
1498303700,722312.7
3876312350,447436.94
3797001815,459293.34
868002015,1373513.2
597000550,420167.78
8956200530,429766.34
2207100165,518724.7
7942100180,225441.75
2468800040,351424.12
9842300036,369123.06
5700003985,2102630.2
2988000070,390977.84
8857320260,532175.7
2600040130,575523.7
6632900452,617664.5
7518505910,521491.9
1672000170,625896.56
2597800010,589017.06
8562790720,778252.94
4219401080,1901329.8
7000100711,685266.94
7954000125,542198.2
5700003640,2107186.2
5700000275,670341.56
4019301205,475792.6
8943600360,281521.5
2954400400,1210037.0
1321400060,261496.45
2255500123,597802.44
2781260070,411842.75
1313000220,689648.44
1125069153,1600860.5
8899000310,264913.97
4139450360,860632.9
5511600315,567669.44
3575302575,513227.88
3226049054,515261.38
274100090,297213.25
1545802080,252122.83
6669020500,298936.44
3307700405,574832.2
3760500407,1804272.8
7853270100,711882.6
9320350020,497081.34
7715800430,468317.5
6791400100,368211.6
7708000010,362175.94
1448800010,270755.2
1782500035,345402.72
3449500050,502250.75
2856100515,906578.4
1245000461,1053394.5
1219000043,351437.6
5409800110,352261.66
2680700010,605841.0
8143100350,377343.94
2597150270,302710.84
2966800010,337783.5
8854000010,710879.2
2207200635,454575.06
1722059222,339149.16
9358002305,420832.53
6392001950,485755.72
3630080070,401084.97
3797001702,958278.75
8127700440,659248.7
1446400785,231081.92
5016002275,1072343.9
2818100060,1212958.0
6431000748,384980.84
7972600450,318107.2
8078570380,312891.22
7889601320,193118.86
1762600280,928679.3
3026059085,1539078.4
3475000080,688092.6
1370802620,674440.6
5151600285,294302.22
2722049218,325460.34
7696300080,406507.38
4168100020,230936.08
1474000050,435696.8
2473480350,323751.53
1139600270,308476.56
6699940120,387047.1
7016100120,421009.8
6752510010,786524.2
7915100490,592625.3
984210170,315124.34
6159400030,440470.97
3013300968,388435.6
6404600006,229913.84
2770602170,461028.3
1922059401,224792.55
291300010,344618.9
3856905185,532548.2
7304300905,326261.16
3416600185,613291.6
1786810040,683457.3
4354700010,413509.62
3902100175,959741.9
4305600360,502856.94
3622069114,599873.2
4376700570,635201.06
6795100589,570064.75
3344500085,480474.94
2206500105,415080.6
8731900880,418290.2
1682000160,221436.19
5104200380,260094.84
1982201595,551224.25
795002190,216045.88
7228500375,563478.3
9412200280,461804.44
5071401000,818020.25
597000566,309521.72
8151600101,183797.86
2028700265,502086.2
1670400090,140143.44
7851980100,1070397.9
5595900345,440532.9
4046700300,375047.4
4324210120,274107.94
2616800050,577498.75
1525079069,646922.44
9828201020,542501.56
2723069146,654706.5
9468200100,567132.75
2883200961,583768.3
1137300690,703245.7
2473100280,341742.4
723049448,246811.64
3066410810,667376.4
5700003280,935832.3
9268200440,408181.56
4053200410,280242.25
1234000704,1275974.2
2473372170,410278.7
2523039239,263505.7
4324500490,201603.47
238000244,449412.9
1105000571,390026.03
1771000430,296361.06
666000142,900346.7
3389900800,444977.9
3578700017,587161.8
3629970190,758364.56
255450250,340324.44
1154100205,254576.5
3629890190,1021115.2
3905080870,521011.72
8155820110,315705.1
5135000170,792305.9
2464400435,646105.75
9482700080,540879.3
318900080,457405.44
9477001410,392305.0
825079019,661311.6
1471701200,383379.0
5606000120,930982.94
7853350220,582302.75
1776460110,434618.47
3904920980,682600.9
8087800430,582360.8
3298200320,438963.34
9122500080,312086.44
7893804845,303974.8
1370803730,594362.25
8001450170,300313.8
5561400260,701792.6
7308600010,743945.3
3524039060,301666.75
7300400150,368651.25
207700050,558297.5
5595900355,226929.38
2652500285,819887.94
6744701310,1991160.2
525069127,1302554.6
3334000050,441177.94
8682220390,662334.5
4038700380,556063.8
8073000265,396738.53
9521100960,781691.2
5634500688,855095.06
6813600440,427940.12
1072010350,515561.03
7853301700,644995.1
5141000571,259440.03
2013802060,579888.94
7852070210,1505320.0
1402970070,336810.22
2310040020,376516.5
646910560,247342.28
6647400090,438019.0
8682231110,545494.7
4376700330,599257.75
8069000075,846640.6
7147600220,209290.5
4142450330,261029.2
5101404698,440031.03
6154500070,959078.94
1592000640,591169.4
3756900027,578561.3
7203220130,968997.7
643300010,488740.5
8651720150,478920.75
4139400910,761849.6
5054800110,324930.1
8835200330,401572.47
7682200340,253091.39
7203600745,428820.88
1895000260,249113.64
7922750020,540144.25
5437200050,414656.38
8732160250,256397.2
1442870440,486219.8
1471700410,361380.78
3204800330,341415.44
1923000160,1040102.25
2719100013,422941.78
3814900380,364090.22
326049038,515956.3
1068000110,1082230.6
8835800010,1519641.9
1560920200,468980.0
1668500090,724888.94
2597530070,878879.6
1139000035,574661.6
8032700072,534204.4
7732300390,706245.3
5130000080,462908.78
9276200890,480789.03
342000036,451684.1
5126300060,469693.25
2331300505,733418.4
8651410090,192723.0
200800330,444952.4
7520000616,319598.2
7170200110,474866.8
3021059155,201673.4
3582900280,1020740.75
7340600845,251089.4
3905040060,523423.16
3224800120,304215.6
6021503740,535530.3
2570300130,479060.62
8121100395,403521.2
3356404198,261092.92
3630090050,760821.8
923000413,469816.5
9201300020,1637321.1
1777600210,711193.44
7738500731,3629369.2
686900010,963326.75
7967000160,345255.62
3413700130,610676.06
7852190290,591443.1
1180007375,675441.0
3353404510,296571.72
7802900380,291971.7
8021700715,715235.8
3205100080,407994.25
4477000290,518015.6
1118001645,1528421.6
7979900806,330350.5
7228500415,650878.5
7212660640,327248.25
3826000735,187974.52
7714000250,429127.78
4400200057,731980.9
2487200279,580198.3
7140700690,281957.84
3304300080,597420.8
2887950110,253394.94
3760500222,672692.56
9269200786,353470.03
3734900110,252373.36
5045700400,548617.7
2140950130,489287.28
2612000200,378011.34
8563300085,430681.84
2425059173,683291.44
8091410930,325954.94
9422400035,657490.6
1112000100,658302.06
1323089056,427494.06
5015000596,907792.94
1535204165,567967.44
1438000430,478375.84
3222059130,549634.75
1982200330,610929.56
6624010010,250139.58
2303900035,5207907.0
259600620,545991.8
6072500490,507072.78
123039633,347448.3
8562780090,324957.88
5249802240,538054.94
6071200400,551219.8
826069002,388995.2
2625079030,733966.5
6742700210,1222240.6
9253900408,1779138.9
2560803085,289282.66
1237500540,400728.1
425069020,1185347.8
9185700440,2771565.8
8656300345,391216.75
4245400045,242983.83
9834201370,424063.3
7853300770,419675.47
9551201295,498881.7
898000220,222596.73
3834000720,367955.0
1245500690,799774.4
4083304190,627271.44
4178300080,732132.44
2960900045,534923.44
1446801030,243780.48
7855800910,855196.0
7853310150,584773.94
8732131090,320506.25
7967600285,436998.38
8651520510,554009.3
5379802650,227311.1
1425059174,485485.94
627300105,899845.3
3124089049,463759.84
1778350270,705670.94
8691500410,350219.06
9169600043,571167.1
100300500,286655.53
3221069054,732248.75
4443800385,514141.47
7922710450,786726.8
7880020030,701418.44
3288020050,331452.94
4136980090,1056648.1
1687000240,327979.38
7812801785,217050.56
1126059144,658982.8
792500260,398418.16
3222049055,701431.6
8635750090,656813.1
2767601280,842139.0
5347200162,195493.77
7503800210,283600.38
3394100020,1101035.0
7663700783,416992.62
9454200030,436246.72
3791500050,326060.3
582000185,582081.56
3211230260,414280.84
323059103,398387.28
7297700055,365781.72
1545805460,266488.78
2341800195,316619.25
6648700150,279769.8
3860900035,1806988.2
1980200236,606846.94
1180002745,277795.94
3275890310,697812.0
6840701100,547053.56
8651402750,224277.75
1588600045,383107.12
2422029094,431337.47
1702901500,328267.44
3755100005,504660.22
3624039074,329127.97
7950302995,412972.44
5273200060,651468.4
8025700460,279460.88
280610020,1019945.3
3333002450,297062.78
7379600240,532098.8
4058802300,272673.7
302000065,184200.39
9527000180,518652.75
3626039403,333473.28
9510900360,250400.4
2310040230,377568.62
7308900490,696366.9
2206900065,455611.38
324059161,934220.56
7345310100,252262.48
2422049107,399739.22
8146100095,693281.6
87000283,341375.72
7937600010,301123.53
2618300350,223951.3
224069102,488886.72
7129302095,256013.27
7352200025,1275255.0
6163900333,328650.25
3528960020,695631.2
1687000220,325515.38
4141400030,587565.1
1822500160,355471.78
5467910190,354290.1
9331800580,317270.94
2407000405,208413.06
5466700290,274582.44
3026059361,496748.56
1523069096,457888.38
3876312010,429224.78
8832900135,791348.5
9238900616,548033.94
4142450040,291572.47
9282800065,251166.02
5379800862,350257.38
2459950010,266260.53
4435000520,242668.67
1552800010,304084.03
7549800543,303640.4
9828200460,455550.9
6345000160,970055.94
7129304105,424695.03
4302201005,302602.22
2450500110,723980.1
5166700050,518009.3
1085623710,409462.2
1123049129,277739.1
8566100200,970150.0
1774000780,470280.12
9492500170,837756.7
686530530,608140.75
4022907770,599567.2
6052400975,276254.78
3438502501,427468.28
3758900023,1349368.0
1645000580,257935.11
8099200030,234666.1
7635801371,512422.88
3456000310,803128.6
2025059150,859699.75
2624039114,593735.0
3348401095,320917.53
6633900170,534141.9
2600000510,695449.44
9414700020,348834.3
3204800520,343843.62
1844500025,361014.25
4137010590,402490.1
8564950280,537057.94
1338800491,938143.56
4058801702,1053898.2
461004720,579872.4
3123059107,599725.5
6819100380,576522.0
1193000390,1025949.0
3450300270,368459.22
3110800040,262906.4
1437910090,487570.47
3645500050,491436.44
4338800600,295800.9
2114700530,382919.3
6381500450,361470.66
9206950200,306472.66
4232900940,786801.9
1025049174,1108342.6
7774200070,617963.5
1231000310,475555.1
8155870200,309887.6
7935000625,1165362.2
2426049079,394403.56
4037500230,520109.94
2331550120,327227.9
7974200765,546472.25
686200510,596484.25
4024100670,490494.62
3834500195,476180.88
3526059115,617820.9
7950304075,371459.53
1386800054,304230.2
9834200165,568673.94
6147650300,308495.47
6891800360,562501.25
9170500060,553860.8
65000260,839013.4
7784400130,511690.12
7941140070,380450.16
2122049096,172976.67
6003000851,311637.22
7203220050,1009548.2
8898700960,291894.72
5245600105,205870.23
3530470190,224838.0
7883603965,307528.53
4022902505,490977.44
3211100240,361920.12
5119010090,499294.1
3821000100,258510.34
7301300050,387874.56
2171400197,329539.47
9471201175,1594871.0
2473450200,372135.44
2258500045,407710.78
1139000400,534057.56
3298701025,254260.9
1498302774,289379.12
9276200190,623575.6
2909300240,679606.3
1250200693,511911.1
3101500010,358516.03
2557000630,290054.44
1324300091,380044.2
2826049260,449460.22
3342100421,626979.25
3524049083,459597.9
9103000393,1446553.8
3121059033,275124.56
7853240200,580208.1
7950700120,290335.12
1822059057,168559.4
1219000473,319692.47
9272201385,668232.9
1336800185,1170766.9
9268851630,437621.25
2788400315,237713.89
3529000930,545184.6
5631500967,454968.16
2188201010,234856.17
8562970040,712558.1
4415600030,435525.3
2473251170,265949.7
7511200020,531277.75
1163400020,277653.56
5412400180,256980.58
255450400,364351.66
1687000210,326873.2
6749700004,324822.28
2738650030,598807.4
9136100420,747859.5
1924069115,842407.5
714000155,582651.0
904000045,712462.9
3395070640,277867.1
6308000010,634438.56
2695600130,352746.62
3626039279,402859.75
1623089039,244717.66
3438501327,346666.94
8118600025,408605.72
7625703435,818592.75
1807900300,754074.25
1862900360,286943.9
2768100186,480611.22
2524059269,1134559.8
1126059108,960558.9
7856610130,782088.75
7203000200,255943.56
3630120700,783942.94
1612500090,274381.84
3586500620,916513.06
5207200360,453144.7
6675500035,423362.22
1781500385,357749.62
1150900080,834987.3
9541600355,835149.8
7525530670,746302.75
844000375,336100.28
9578140180,358027.94
9558041130,321501.38
1788800910,185885.3
9550200225,519786.3
8643200055,249353.06
6143000020,300120.12
8941100095,1135549.1
3630010020,421301.03
2895800610,338603.62
822039084,906349.0
5423600080,587636.4
3992700775,446640.9
3816700150,421794.97
4083302485,732772.75
5127000810,355909.3
1725059182,1130490.2
9485930120,366844.47
293850040,606393.25
8731981940,351077.66
3330501545,285013.97
1026069061,751963.7
8121200710,523650.25
3764390100,435640.5
9493200010,304227.28
2902201301,691448.5
3444120130,462040.22
5256500025,483342.72
4022902715,577700.5
871001500,710681.25
2329700440,191918.81
1773100275,198541.06
7852160070,977353.6
2141330560,611296.94
2505500009,732906.9
8647800150,322083.25
4337000200,320629.28
9264901680,255378.33
1773101050,312373.53
9320990120,316246.34
8856960280,308257.16
5589300585,288897.0
7935000595,935463.2
7203150080,671609.1
5616000030,304921.75
825059178,3451024.2
6666830390,749079.75
8732900840,634434.3
2095800520,518395.16
1771000760,333704.66
1901600090,383073.5
8857600680,246052.2
4038700830,653000.94
8956200070,398722.62
8081500050,2095657.9
567000755,408776.03
424069264,746580.75
1564000410,777775.5
2817100910,383594.28
3303960080,895530.0
3340401535,193466.72
1622059095,306490.7
3278601940,384759.9
7202380120,461285.4
745500010,822089.06
6608500220,411506.84
8024201055,381777.7
8929000140,447841.44
859000160,279610.72
8673400061,425909.84
1269200229,1545101.2
6705850300,782902.56
3395040550,344581.72
1697000370,223604.14
5245600120,237733.38
8892900180,219902.27
1794500360,806468.56
2025049192,561302.44
1930301325,987341.44
4217402162,1370838.2
8126300410,533367.75
3345700215,600305.4
2887701420,403179.0
2887701251,453369.16
4036100175,666586.9
6762700515,1106933.4
3192000085,195521.17
226059096,1223165.9
9238900855,551440.94
6706200130,318360.47
2744000010,262289.62
7202271060,713670.5
7923200150,568106.44
162500030,323886.6
2571910210,264761.22
1523059105,348895.56
6052401215,272736.06
6626100260,717054.6
8925100115,1261611.4
5459500165,650763.4
7686202635,189170.25
1118001370,1300485.6
122029066,474694.9
8039900130,336062.06
3262300235,1342570.5
8860500300,327876.88
8956000250,525195.06
1646501920,525720.56
9284801500,427525.3
1442880380,475759.72
1311500020,258903.08
254000695,357551.28
9477101280,420611.16
9510970530,684357.25
6891800500,599463.2
9407000230,317413.9
7202340590,768541.5
8151600590,351554.4
9407001600,330844.34
1771000690,288932.88
1525069134,1151048.8
8645540040,283075.94
9414500200,450697.4
7883607645,209821.06
3845100140,349124.22
2726049164,446958.66
4340610040,296645.22
1245003006,1209904.2
1105000373,280272.7
6083000123,224342.2
1777600450,684309.9
9558000100,408184.6
2473002060,312266.16
943100689,347836.0
7544800395,432160.47
1931300090,630551.56
7936000252,595098.44
7987400316,176585.55
5152700060,743606.7
1721801025,215636.44
3438501450,328957.84
9222400510,405658.06
1796700160,259285.44
323059208,387391.62
3392100050,182302.4
4038500210,764930.4
6324000090,447495.75
7549802535,435289.34
3343900326,447013.47
5701700640,856290.3
5249803185,486888.66
8838900032,825222.7
1237500577,924293.0
8642600090,321515.5
3303100075,460400.12
2133020020,383669.72
7950302890,489963.12
2770601734,696799.0
2538410140,334683.2
8159600360,563223.1
917000300,395967.34
2391600330,406996.16
9285800585,447645.03
2005950050,245568.28
6450301835,353706.1
2473480520,339250.8
2818600010,1374719.4
952006728,343757.97
3422049088,318797.78
3629870420,941904.25
1079350090,333334.2
1509500060,399368.6
4039000050,508391.16
5288200230,673044.25
626400020,767911.0
5457300095,1681457.1
5000500055,216558.17
324000530,480127.53
6713100031,415352.5
3316500200,540111.25
3124059006,1378600.1
1125079111,1715311.0
7852020300,476173.62
123039364,229731.5
7883603190,289307.97
9828700900,624704.44
6821100015,669037.1
9522100375,679292.56
2420069201,239092.3
7504110330,757014.2
475000510,557296.6
2425059074,873922.8
7518503685,506705.53
5466400550,217500.05
7852150720,406071.1
3066400140,639411.8
3298400470,557680.6
2902200874,753199.2
9500900110,209080.19
8835200160,345131.47
6056100295,278154.0
1858600042,363223.94
7224500010,285915.62
5457801925,886996.56
7575620750,256502.1
2391600735,509730.12
6192400180,766929.6
5249803870,488961.6
3575302880,415272.38
7225000045,189254.47
5561720180,269709.34
1972200428,491921.6
892000025,184294.14
2944510080,285056.47
2428100100,798045.2
6647400250,456084.5
121059038,370412.06
6398000191,531214.7
526059103,311070.88
8856960720,299418.7
3832500260,259213.06
1623089025,489189.53
3625710080,1149111.8
6446200060,736003.1
5706200370,506906.88
5515600088,218399.73
8029500360,352752.44
6700390150,240783.16
642500080,416649.53
6150700264,361916.47
2473371780,352854.03
3905120540,577649.9
2652501215,767166.0
3176100110,695571.4
7574910650,797592.8
6385800030,304460.8
4443800960,555069.44
8731951490,289286.28
3380900125,363451.1
9828701508,652094.9
6699950310,369927.8
3321049112,404335.4
1824079052,1017681.94
8032700140,768478.5
8679600150,535250.75
5040800120,911259.56
2026059119,401817.53
4024100951,414417.7
7212650990,314562.84
936000060,388595.0
6181500340,343572.9
1137400050,423479.47
3324079092,486193.12
4268200055,307651.34
6145602240,354041.66
475000176,447153.84
3279000120,245960.14
9392200030,264435.22
3438500714,354010.0
4306500070,367496.53
8588000610,178833.0
792500190,365019.75
2461900850,470703.84
2660500365,356863.8
5451210100,939983.0
2787000040,342440.38
3278602670,242388.25
9528100899,656827.2
1324079085,376514.16
9477001140,377760.22
9521100880,685398.25
7853210060,432872.38
1326069094,509184.03
3420069065,332182.22
5468730280,255772.19
5437600140,335795.1
5127000410,352715.4
5445300050,621837.75
3375300360,242757.38
9297800165,583403.0
6021500840,625966.0
4323700230,418724.03
643000110,260787.58
8043700105,2788021.0
6824100014,449088.5
9542830480,336940.7
736100065,1281726.0
2592210510,873231.1
4233600260,1164957.1
1266200015,776211.44
2787700060,372434.12
8843900396,386520.75
8029500380,285312.25
5292200010,404337.0
1773100980,308468.78
2886200070,588777.44
8594400110,343141.9
9268850180,330493.0
4141800285,1472955.5
3188100007,434648.78
1796380960,252571.11
7202330030,472562.03
8078440140,549235.94
7983200060,223922.25
4427100025,425335.78
2113700510,289308.75
6446200305,630447.94
3425079088,562680.94
3304040130,360061.06
3222069153,293310.97
5127000470,399262.78
7525100520,398546.06
1868902745,806784.56
2920700220,365885.9
1105000780,446445.03
8563080020,838336.75
3630090110,713239.06
856000195,1927660.5
8649401000,229024.83
1315300095,732515.0
6802200670,241496.88
1523069022,394432.4
2624049165,427382.12
1972202080,545918.25
7211340030,280232.88
8850000180,414549.28
2787250080,508630.8
4235401055,504823.3
5226500250,500093.53
3294700421,327978.06
322069180,646006.6
1025059186,478590.1
1923039022,642394.44
1402600110,381692.84
6817810190,387086.34
434000030,622210.4
6056110460,650631.75
4337000285,292257.28
5710610250,609044.25
1049010620,227754.25
5112800234,380589.28
2309000060,492844.78
2985800030,491039.03
1604601570,366885.66
1563102435,843668.25
257000105,190371.19
6788201440,859428.8
1442300005,413349.7
4055700784,859596.4
3889100029,801630.75
4139450760,967067.25
6079500230,672119.8
259601010,445847.16
3980300020,293417.75
9390700100,537741.8
7200001005,503468.12
9264920250,266637.4
8682260470,436180.9
4083303815,791771.1
7383450250,357286.97
253600180,425268.56
1450000210,163556.89
1133000100,466121.72
7511000050,1255176.6
5710600030,550603.0
4178300310,723243.8
3041700570,521058.0
1238500978,394072.7
431500155,618284.9
2937300050,1092752.8
1352300315,190450.77
3277800823,349320.4
8895800110,1019584.0
9274200318,582063.25
1118001805,2241294.0
629810720,792289.06
6852700476,577655.8
7345200650,229941.25
8929000290,458803.16
5506500170,582575.25
8899000140,244702.52
4006000423,318879.78
7137910140,237423.61
2423020010,444952.8
40000362,133935.45
1657000070,225279.72
2124700015,269465.3
1887500045,234820.58
6838000170,448985.78
1310910290,325709.9
3599600276,190505.27
8142000080,385296.75
8856971000,293952.94
624100950,771323.94
2767704332,488495.0
405100165,385519.78
6117501755,448846.2
8961950410,310732.88
1523550480,580335.0
6840701160,651123.7
3331500650,287488.44
1862400517,339676.25
9558021000,336576.06
1310800090,214944.12
5104511040,347752.25
522059189,257105.75
3448720020,388040.1
1310700330,310788.56
5649600462,323254.47
1853000510,1038640.25
8128700005,305718.06
6352600210,820478.44
3754500010,778984.4
1962200475,898101.25
1773100765,266819.53
8895800200,897638.9
1310900260,316290.6
809001525,925014.5
2624049103,336680.84
9191200380,633913.0
6600060120,456050.53
8150100045,266050.44
9558010190,348379.72
4038700930,605168.94
2883200775,608521.06
4036800910,481727.66
8673400177,581779.06
7110000068,840957.5
3279000240,251473.58
9545230280,518372.9
8815400105,604575.25
6738700075,840250.4
8732030490,294548.34
9532000070,562569.7
7752400075,545458.5
3824100051,397468.4
2768000270,502651.88
108000127,525909.0
844000225,292621.8
6817850040,963618.44
4447300137,895830.2
8598900125,396599.06
5072410070,502369.16
7129300520,218957.86
3830210020,185735.81
4137040250,300728.97
3022079080,665968.3
722039087,276564.5
3924500040,742179.56
2473381090,338962.9
2201500490,417655.12
9265410090,208760.52
9286750100,378653.6
2023700040,659253.3
324000280,684873.0
3814800280,366295.72
7697100030,491221.97
8731900790,354594.62
8044700010,594919.8
6123600100,211369.36
1450100390,156025.55
579000550,486827.8
2459000020,306241.3
5016000315,433820.28
1193000190,835088.25
4038700730,588678.06
1556200265,737883.8
6600410170,195964.42
642800130,812242.94
1043000100,378293.2
7809200055,238305.22
7010700308,1039025.06
8680500090,588520.56
2719100355,652363.44
7905200147,525054.3
271200130,226888.98
326049103,500557.22
8682211030,421056.28
1070000390,1039687.06
8648700450,601813.3
2695600410,461574.66
8562710640,1140859.9
1525200060,604315.94
1822039138,788939.3
2767601375,530518.1
3425069117,1231736.5
952004570,347990.2
7625702616,310738.7
9818700430,489743.66
2822059091,294167.78
1775900220,350052.3
6371000079,645446.1
293760150,920199.44
1336800880,1365555.1
2771600550,1096284.9
3905040040,507476.44
7787110060,442749.8
7708250040,362215.22
4022901316,481632.78
191100235,999870.94
7852050220,335039.44
3293700480,393556.66
2597450620,1414460.0
6169900580,1759801.6
2767602855,809153.0
810000080,967460.44
6392000625,546494.2
1865810290,216359.27
1568100380,332304.38
5249804760,365997.6
1337801060,939911.25
6181410950,225711.05
9264900660,308902.8
9122001231,620867.6
4427100030,385520.38
7334400070,304813.5
425079001,638495.94
7436500360,488590.47
1245001295,692622.0
1310500550,309014.8
4047200950,279333.06
9103000455,898629.75
2291400341,309616.16
3876100310,392067.03
7131300031,336709.5
7853380510,685030.75
7409700215,641814.6
5248800250,394106.75
126039323,444044.12
6632300207,371401.94
3826501060,257093.67
8024202520,431053.78
3343901401,478310.4
6431000005,558985.4
9232900075,356672.12
3056700150,212273.97
5104511250,451790.97
3658700510,636501.6
2895110062,358356.97
7454000990,263097.5
4038700680,632077.75
7811220070,598465.8
8091670030,365752.2
3438503045,238756.25
6388900710,463388.56
7956300020,183036.33
1775930440,513581.4
1762600190,919599.4
6600400260,216466.67
8728550150,620140.3
8155500110,627148.44
9169600135,467304.7
1777600490,693442.56
125059179,565187.06
7558700030,5418911.0
1702900624,317211.53
3343901403,525951.94
5101400994,350554.72
5547500050,264025.94
1705400350,344738.62
629810800,882115.5
4104900150,522410.88
7888000390,179064.55
4140900270,405925.6
6649900030,474077.4
820000012,417260.38
6151800080,359466.28
7454001060,267334.28
8682262330,418295.12
1566100010,391694.0
1180500070,368615.94
1112630130,437628.72
3101500090,405523.66
8682310220,692577.0
4032500035,491132.66
1623800440,525717.25
1088400190,246516.14
751000080,388485.94
6675500070,394741.03
2193340140,505570.62
522049074,382975.6
3204500340,253452.39
5104200470,447535.62
7517500611,706752.94
2946002140,235124.52
7631800110,1146934.6
3529300330,347415.75
3885801970,591398.2
5456000570,1088804.5
4123810090,351217.06
4037000635,535997.5
8079030350,465625.66
1726069060,724143.44
6858700225,231448.48
3356406510,212402.69
5423030040,617520.1
3111300040,461562.03
259800060,488723.34
1972202320,490978.4
5100403818,352322.6
1422700040,247783.64
3625049014,2903497.5
7852011040,595356.1
1201500010,689363.4
7195800009,274031.25
9407001320,279629.8
9508850100,643587.75
1328340380,259136.97
3885804305,935956.5
7128300630,632173.8
7574000080,398715.84
3744000150,456208.38
2607720150,481775.25
7203190110,716750.0
3904902430,691600.75
11501160,768831.44
9209900315,532275.94
9465910030,602693.56
3622069103,648238.0
3288301010,446107.9
4395600060,958761.9
7694200380,373335.88
9552700550,733204.1
9264921110,277477.75
6738700225,935851.9
293620220,865701.1
7525300310,606868.2
3992700036,417518.06
3577300040,475568.72
3812400202,205279.86
2402100055,686429.5
1853080790,807216.7
1994200260,641654.3
1339300025,838975.0
7616200050,519746.44
4022902555,625339.56
9528102110,639600.2
6613001241,1672335.8
3205400240,341157.6
6065300840,1568535.0
7852040080,506858.4
1920079039,252493.48
2817910030,468185.16
1563102880,801655.94
8561200110,560236.75
629000605,1280496.1
2781270440,209674.22
6152900273,320808.25
3303950130,379450.88
6411600113,360850.25
4055700167,778597.6
291310310,528307.7
9523100550,825305.94
724069070,1004556.5
2408800120,382917.0
7559600200,645633.3
8165500790,354790.38
7856620870,858848.4
1588600040,382429.44
1023059246,468841.16
1938000140,782897.3
6061400160,381240.84
4167300350,239314.22
8649400790,214098.38
173000036,315008.62
225039049,616585.0
8043700300,2533137.0
3834000400,389448.9
4054530260,1619124.1
8724300010,671211.1
9358002232,360017.28
3298700012,251570.33
1125059071,873781.25
3885805300,501215.16
5315100784,1278478.5
3861400030,772830.4
7202340010,694108.6
7272001805,350481.88
2781250230,316862.38
1042700300,861842.56
123039279,189709.6
3760500336,1395137.2
6979940100,789036.5
686300880,661760.8
5214500690,425010.75
6021502250,605414.9
1320069223,337018.84
2871000300,769080.3
2724069117,419290.88
1159400220,799362.06
2571900380,272881.62
5528600050,352545.4
7686202730,164757.34
2225059118,846698.7
2558630350,448824.06
3655400060,416839.34
9558200080,293112.5
1796100015,601576.1
3378900020,468508.38
5416500040,297431.6
8856004582,196346.6
3812400107,479952.56
6126601445,496086.0
2997800021,472663.8
1211000280,418875.6
766800090,244505.33
3224079005,336046.47
619000100,399971.25
4319200620,368876.38
626059335,515557.78
3340401570,316816.06
7015200800,706288.1
8106300510,473827.78
1446110020,453905.44
2872900280,649643.06
8965500320,812116.3
7853300070,535282.9
5652601455,723603.44
7579200915,1176039.4
2641400160,380312.88
203900460,395431.7
2998800040,640008.5
7519000170,558280.2
923000425,893155.9
2973800030,213413.31
6430500182,1073815.6
7304301010,371819.78
3861470110,1915171.8
2296500136,763383.7
6790950150,744630.6
8123100045,525528.5
3142600130,607684.06
7137970130,328862.94
8656800190,378642.7
7135300046,288223.94
3629960680,440201.7
1133000385,851578.6
1085621960,299127.38
9542802000,200183.75
8151600973,543181.4
7019000050,368298.84
6021501920,637372.5
7399300420,215910.44
7548300731,544141.0
5316100220,1136597.4
5152600090,289046.72
1703400470,354926.44
7316400070,285139.5
5561300380,500364.22
2215450100,327466.62
8635750330,630898.06
9492500140,841533.2
5315100393,658742.0
8588000315,211330.12
7524200180,239411.5
4235400255,408101.5
326069131,656183.94
4077800026,877844.25
9477000120,342842.03
5608000590,1056062.4
4137050130,310957.3
5249801440,463739.88
9264901510,263747.5
5437820250,199097.12
200500410,497351.56
9407111100,311045.6
126039252,432078.3
6141100255,421988.72
3013300830,391797.22
3271300955,850691.3
3021059276,273082.84
9542000050,680520.25
2769600035,807724.6
3824100364,444600.6
1726069202,355648.1
7327500270,321260.56
1189000207,440534.16
2472950160,258332.84
9558040050,579267.2
3438503120,354966.6
9407150240,284269.12
1370804295,620282.4
5700001100,595559.56
6837820030,377205.44
5411600210,809564.1
5061300030,259434.58
525069133,985221.56
2121000250,364633.6
3179100720,634605.75
2780700050,443116.66
1545805820,302248.34
5702380630,233022.39
9211010260,533582.25
7129300595,337963.53
6802200100,232539.06
3304030140,422087.62
2623039019,1162970.6
104500730,201879.77
2924069132,612444.8
1775500310,666485.4
8114000040,312000.84
2011400021,415325.56
7525570020,710128.5
2917200615,450806.72
7697000170,295813.62
7871500070,838785.5
7215722010,519725.47
6300000378,490720.44
7159200005,2307559.0
8946410040,398991.53
3893100327,380142.2
635000009,879598.5
2322069116,442762.72
2760200050,365418.62
3432500210,304009.8
5700000245,529913.25
7588700177,349444.0
9178600135,708179.7
9830200475,480024.72
8562780160,343569.97
9826701665,557426.8
7504010900,664330.1
2770606915,495110.9
1254200075,618201.94
2473450430,380180.12
1433290010,445772.62
7586200061,415507.22
6841700070,591826.2
9826701320,506864.9
8943600720,293418.12
6791900260,765425.94
2301400640,719239.0
7979900210,339868.06
4037200665,416182.84
984000650,303281.06
2937300060,923144.75
8731982190,282199.12
1445200190,262764.12
952003285,808721.8
1402970020,405782.25
2487700274,432358.47
8113101670,426824.8
8682300400,642587.44
809002435,787247.4
4045900147,626517.6
2991000400,281566.53
9456200405,199180.02
5104510370,289591.03
9414610240,522026.06
2111010760,352739.47
1854900430,696610.4
2624300080,794525.25
3645100280,430614.4
1433100010,243281.08
9533600100,1206032.5
6743700030,600367.0
9294300070,676401.1
2114700540,233485.69
7853280550,702102.7
868000175,671108.6
1446401290,227166.27
9109000050,320367.34
8856004327,251964.84
2329800110,252551.19
3031200230,392559.5
7582700075,1555895.4
2422049104,160610.44
9274202885,551320.94
1770000090,457862.6
9500900430,230987.25
7305900082,352035.5
3336000170,443572.16
5680000455,628000.44
9808630210,916091.44
8807810110,477476.28
3824100211,419467.4
3423059153,579290.4
3937900120,417697.62
524059323,998337.06
4305600250,527432.8
1257201375,591995.44
853600150,1128951.6
2424059174,1633477.6
5205000400,286107.88
2658000115,212664.62
3055800020,314597.16
357000025,573937.6
5666300010,312709.72
4167700210,245348.17
9187200275,834951.44
2960900040,398041.38
1021049022,249050.67
7750500120,230489.8
7153200160,1257243.0
4406000390,255288.78
629800380,1325525.5
2026049125,313534.72
6117502230,2516778.5
3379100130,456228.3
2472920140,455902.62
7214720075,608371.75
1771110070,328692.72
5127001600,324868.3
6666860210,356108.53
5467200055,382955.88
7819000040,367551.34
3790700070,290509.7
6362900138,342734.38
597000593,374617.38
8032700070,636725.25
9301300215,1056717.9
8902500118,361284.53
6607000095,368285.5
2163900081,871143.2
7732500270,693792.1
3856903515,640574.0
2557000400,307714.16
4386700135,2078128.8
7399000360,322169.47
